Voltage Range: ,0.9,None,None,None,None,None,None,None,None,None,None,None,None,None,None,None,None,None,None,None,None,None,None,None,None,None,None,None,None,None,None,None,None,None,None,None,None,None,None,None,None,None,None,None,None,None,None,None,None,None,None,None,None,None,None,None,None,None,None,None,None,None,None,None,None,None,None,None,None,None,None,None,None,None,None,None,None,None,None,None,None,None,None,None,None,None,None,None,None,None,None,None,None,None,None,None,None
Voltage Step Size: ,0.01,None,None,None,None,None,None,None,None,None,None,None,None,None,None,None,None,None,None,None,None,None,None,None,None,None,None,None,None,None,None,None,None,None,None,None,None,None,None,None,None,None,None,None,None,None,None,None,None,None,None,None,None,None,None,None,None,None,None,None,None,None,None,None,None,None,None,None,None,None,None,None,None,None,None,None,None,None,None,None,None,None,None,None,None,None,None,None,None,None,None,None,None,None,None,None,None
Voltage Read Count: ,5,None,None,None,None,None,None,None,None,None,None,None,None,None,None,None,None,None,None,None,None,None,None,None,None,None,None,None,None,None,None,None,None,None,None,None,None,None,None,None,None,None,None,None,None,None,None,None,None,None,None,None,None,None,None,None,None,None,None,None,None,None,None,None,None,None,None,None,None,None,None,None,None,None,None,None,None,None,None,None,None,None,None,None,None,None,None,None,None,None,None,None,None,None,None,None,None
Voltage Delay Time: ,20,None,None,None,None,None,None,None,None,None,None,None,None,None,None,None,None,None,None,None,None,None,None,None,None,None,None,None,None,None,None,None,None,None,None,None,None,None,None,None,None,None,None,None,None,None,None,None,None,None,None,None,None,None,None,None,None,None,None,None,None,None,None,None,None,None,None,None,None,None,None,None,None,None,None,None,None,None,None,None,None,None,None,None,None,None,None,None,None,None,None,None,None,None,None,None,None
Voltage Measurement Time: ,6,None,None,None,None,None,None,None,None,None,None,None,None,None,None,None,None,None,None,None,None,None,None,None,None,None,None,None,None,None,None,None,None,None,None,None,None,None,None,None,None,None,None,None,None,None,None,None,None,None,None,None,None,None,None,None,None,None,None,None,None,None,None,None,None,None,None,None,None,None,None,None,None,None,None,None,None,None,None,None,None,None,None,None,None,None,None,None,None,None,None,None,None,None,None,None,None
Time,Pixel 0_0 V,Pixel 0_0 mA,Pixel 0_1 V,Pixel 0_1 mA,Pixel 0_2 V,Pixel 0_2 mA,Pixel 0_3 V,Pixel 0_3 mA,Pixel 0_4 V,Pixel 0_4 mA,Pixel 0_5 V,Pixel 0_5 mA,Pixel 0_6 V,Pixel 0_6 mA,Pixel 0_7 V,Pixel 0_7 mA,Pixel 1_0 V,Pixel 1_0 mA,Pixel 1_1 V,Pixel 1_1 mA,Pixel 1_2 V,Pixel 1_2 mA,Pixel 1_3 V,Pixel 1_3 mA,Pixel 1_4 V,Pixel 1_4 mA,Pixel 1_5 V,Pixel 1_5 mA,Pixel 1_6 V,Pixel 1_6 mA,Pixel 1_7 V,Pixel 1_7 mA,Pixel 2_0 V,Pixel 2_0 mA,Pixel 2_1 V,Pixel 2_1 mA,Pixel 2_2 V,Pixel 2_2 mA,Pixel 2_3 V,Pixel 2_3 mA,Pixel 2_4 V,Pixel 2_4 mA,Pixel 2_5 V,Pixel 2_5 mA,Pixel 2_6 V,Pixel 2_6 mA,Pixel 2_7 V,Pixel 2_7 mA,Pixel 3_0 V,Pixel 3_0 mA,Pixel 3_1 V,Pixel 3_1 mA,Pixel 3_2 V,Pixel 3_2 mA,Pixel 3_3 V,Pixel 3_3 mA,Pixel 3_4 V,Pixel 3_4 mA,Pixel 3_5 V,Pixel 3_5 mA,Pixel 3_6 V,Pixel 3_6 mA,Pixel 3_7 V,Pixel 3_7 mA,Pixel 0_0 PCE,Pixel 0_1 PCE,Pixel 0_2 PCE,Pixel 0_3 PCE,Pixel 0_4 PCE,Pixel 0_5 PCE,Pixel 0_6 PCE,Pixel 0_7 PCE,Pixel 1_0 PCE,Pixel 1_1 PCE,Pixel 1_2 PCE,Pixel 1_3 PCE,Pixel 1_4 PCE,Pixel 1_5 PCE,Pixel 1_6 PCE,Pixel 1_7 PCE,Pixel 2_0 PCE,Pixel 2_1 PCE,Pixel 2_2 PCE,Pixel 2_3 PCE,Pixel 2_4 PCE,Pixel 2_5 PCE,Pixel 2_6 PCE,Pixel 2_7 PCE,Pixel 3_0 PCE,Pixel 3_1 PCE,Pixel 3_2 PCE,Pixel 3_3 PCE,Pixel 3_4 PCE,Pixel 3_5 PCE,Pixel 3_6 PCE,Pixel 3_7 PCE,ARDUINOID
70.1100, 0.72, ovf, ovf, ovf, 0.52, 2.02, ovf, ovf, ovf, 2.12, 0.68, ovf, 0.26, 2.18, ovf, 1.77, ovf, ovf, 1.04, 0.05, ovf, 2.63, ovf, ovf, ovf, ovf, ovf, 0.07, ovf, ovf, 0.64, ovf, ovf, ovf, 0.63, -22347750.00, ovf, 3.61, 0.81, ovf, 0.42, ovf, -0.00, 0.03, ovf, ovf, -80581584.00, ovf, 0.53, 3.07, 10802.65, ovf, 0.55, 2.68, ovf, ovf, ovf, ovf, 0.05, ovf, 184102832.00, -0.16, 1.04, -0.04, ovf, 13.9029, 8.1892, ovf, ovf, ovf, ovf, ovf, ovf, 0.4078, -169927.9843, 17.6697, inf, ovf, 1.2146, 600.4437, 23.4927, ovf, ovf, ovf, ovf, -2386.7106, ovf, inf, ovf, ovf, 11.8909, -0.0000, ovf, ovf, 0.7406, ovf, 0
74.7090, 0.84, ovf, ovf, ovf, 0.59, 2.55, ovf, ovf, ovf, 2.44, 0.79, ovf, 0.32, 2.10, ovf, 2.63, ovf, ovf, 1.21, 0.06, ovf, 3.34, ovf, ovf, ovf, ovf, ovf, 0.09, ovf, ovf, 0.73, ovf, ovf, ovf, 0.75, -3724623.00, ovf, 4.20, 0.95, ovf, 0.80, ovf, -0.00, 0.02, ovf, ovf, -13430264.00, ovf, 0.62, 0.94, 1800.93, ovf, 0.66, 1.11, ovf, ovf, ovf, ovf, 0.34, ovf, 30683806.00, 0.12, 1.20, 0.06, ovf, 14.8120, 10.1486, ovf, ovf, ovf, ovf, ovf, ovf, 0.4742, -28306.0234, 18.4030, ovf, ovf, 1.0847, 116.4150, 26.1063, ovf, ovf, ovf, -1603804160.0000, -397.7851, ovf, ovf, ovf, ovf, 4.9190, -0.1006, ovf, ovf, 0.9557, ovf, 0
79.3090, 0.86, ovf, ovf, ovf, 0.59, 2.59, ovf, ovf, ovf, 2.76, 0.81, ovf, 0.33, 2.07, ovf, 3.17, ovf, ovf, 1.24, 0.06, ovf, 3.36, ovf, ovf, ovf, ovf, ovf, 0.12, ovf, ovf, 0.73, ovf, ovf, ovf, 0.76, -620768.18, ovf, 4.25, 0.97, ovf, 0.87, ovf, -0.00, 0.00, ovf, ovf, -2238376.25, ovf, 0.63, 0.36, 300.65, ovf, 0.67, 0.59, ovf, ovf, ovf, ovf, 0.37, ovf, 5113967.50, 0.14, 1.21, 0.11, ovf, 15.3010, 10.0839, ovf, ovf, ovf, ovf, ovf, ovf, 0.4853, -4702.7285, 17.1206, ovf, ovf, 0.9506, 36.6233, 24.5501, ovf, ovf, ovf, -267300704.0000, -66.2975, ovf, ovf, ovf, ovf, 2.5801, -1.5642, ovf, ovf, 0.8041, ovf, 0
83.9080, 0.86, ovf, ovf, ovf, 0.58, 2.30, ovf, ovf, ovf, 2.89, 0.81, ovf, 0.35, 2.21, ovf, 3.13, ovf, ovf, 1.25, 0.08, ovf, 3.04, ovf, ovf, ovf, ovf, ovf, 0.12, ovf, ovf, 0.73, ovf, ovf, ovf, 0.77, -103458.76, ovf, 3.89, 0.97, ovf, 0.89, ovf, -0.00, 0.02, ovf, ovf, -373062.21, ovf, 0.63, 0.18, 50.61, ovf, 0.67, 0.40, 1470561280.00, ovf, ovf, ovf, 0.37, ovf, 852328.43, 0.19, 1.20, 0.12, ovf, 15.9171, 8.7566, ovf, ovf, ovf, ovf, ovf, ovf, 0.6220, -770.3532, 16.8144, ovf, ovf, 1.1600, 22.2963, 23.0697, ovf, ovf, ovf, -44550088.0000, -11.0496, ovf, ovf, ovf, ovf, 1.7471, -2.1856, ovf, ovf, 1.0652, ovf, 0
88.5080, 0.86, ovf, ovf, ovf, 0.57, 2.32, ovf, ovf, ovf, 2.62, 0.81, ovf, 0.36, 2.34, ovf, 2.94, ovf, ovf, 1.25, 0.10, ovf, 2.99, ovf, ovf, ovf, ovf, ovf, 0.12, ovf, ovf, 0.71, ovf, ovf, ovf, 0.77, -17240.59, ovf, 3.58, 0.97, ovf, 0.90, ovf, -0.00, 0.02, ovf, ovf, -62176.44, ovf, 0.63, 0.18, 8.95, ovf, 0.68, 0.32, 245093552.00, ovf, ovf, ovf, 0.36, ovf, 142055.42, 0.16, 1.19, 0.10, ovf, 15.7889, 8.6460, ovf, ovf, ovf, ovf, ovf, ovf, 0.7807, -115.1404, 17.5524, ovf, ovf, 1.0933, 18.5436, 24.1657, ovf, ovf, ovf, -7424997.0000, -1.8416, ovf, ovf, ovf, ovf, 1.3911, -2.3408, ovf, ovf, 0.9234, ovf, 0
93.1070, 0.86, ovf, ovf, ovf, 0.56, 2.49, ovf, ovf, ovf, 2.35, 0.81, ovf, 0.37, 2.16, ovf, 2.91, ovf, ovf, 1.25, 0.03, ovf, 3.17, -2256017408.00, ovf, ovf, ovf, ovf, 0.12, ovf, ovf, 0.70, ovf, ovf, ovf, 0.77, -2871.18, -1224586368.00, 3.66, 0.97, ovf, 0.92, ovf, -0.00, 0.04, ovf, ovf, -10362.14, ovf, 0.63, 0.15, 2.02, ovf, 0.68, 0.29, 40848924.00, ovf, ovf, ovf, 0.35, ovf, 23676.63, 0.14, 1.18, 0.10, ovf, 14.6316, 9.1060, ovf, ovf, ovf, ovf, ovf, ovf, 0.2655, -5.1381, 17.6175, ovf, ovf, 0.9786, 17.5300, 25.2404, ovf, ovf, ovf, -1237483.7500, -0.3069, ovf, ovf, ovf, ovf, 1.2573, -2.2302, ovf, ovf, 0.8153, ovf, 0
97.7080, 0.86, ovf, ovf, ovf, 0.55, 2.58, ovf, ovf, ovf, 2.39, 0.81, ovf, 0.38, 1.93, ovf, 3.13, ovf, ovf, 1.25, 0.06, ovf, 3.16, -376002912.00, ovf, ovf, ovf, ovf, 0.12, ovf, ovf, 0.69, ovf, ovf, ovf, 0.77, -476.33, -204097728.00, 3.61, 0.97, ovf, 0.93, ovf, -0.00, 0.04, ovf, ovf, -1726.41, ovf, 0.63, 0.14, 0.87, ovf, 0.68, 0.31, 6808154.00, ovf, ovf, ovf, 0.34, ovf, 3946.84, 0.17, 1.17, 0.08, ovf, 14.2240, 9.2326, ovf, ovf, ovf, ovf, -3775206912.0000, ovf, 0.4505, 13.2100, 17.1698, ovf, ovf, 0.9589, 17.5061, 24.9665, ovf, ovf, ovf, -206231.7656, -0.0512, ovf, ovf, ovf, 1662518656.0000, 1.3829, -2.2842, ovf, ovf, 0.9984, ovf, 0
102.3110, 0.86, ovf, ovf, ovf, 0.54, 2.43, ovf, ovf, ovf, 2.33, 0.81, ovf, 0.39, 1.94, ovf, 3.09, ovf, ovf, 1.25, 0.06, ovf, 2.99, -62667152.00, ovf, ovf, ovf, ovf, 0.12, ovf, ovf, 0.68, ovf, ovf, ovf, 0.77, -77.06, -34016288.00, 3.44, 0.97, ovf, 0.94, ovf, -0.00, 0.04, ovf, ovf, -287.12, ovf, 0.63, 0.14, 0.69, ovf, 0.68, 0.27, 1134692.37, ovf, ovf, ovf, 0.32, ovf, 658.55, 0.18, 1.16, 0.06, ovf, 14.4825, 8.5237, ovf, ovf, ovf, ovf, -629201152.0000, ovf, 0.4813, 15.5461, 17.1332, ovf, 2187948544.0000, 1.1848, 16.6425, 24.5927, ovf, ovf, ovf, -34356.5507, -0.0085, ovf, ovf, ovf, 277086432.0000, 1.1851, -2.1040, ovf, ovf, 1.0409, ovf, 0
106.9130, 0.86, ovf, ovf, ovf, 0.53, 2.39, ovf, ovf, ovf, 2.61, 0.81, ovf, 0.41, 1.97, ovf, 3.21, ovf, ovf, 1.25, 0.06, ovf, 2.97, -10444525.00, ovf, ovf, ovf, ovf, 0.10, ovf, ovf, 0.67, ovf, ovf, ovf, 0.77, -10.28, -5669381.50, 3.22, 0.97, ovf, 0.95, ovf, -0.00, 0.04, ovf, ovf, -47.22, ovf, 0.63, 0.12, 0.67, ovf, 0.67, 0.24, 189115.39, ovf, ovf, ovf, 0.31, ovf, 110.51, 0.16, 1.14, 0.09, ovf, 15.1573, 8.1842, ovf, ovf, ovf, ovf, -104866864.0000, ovf, 0.4865, 15.7675, 16.6715, ovf, 364658112.0000, 1.2204, 16.7195, 23.3383, ovf, ovf, ovf, -5710.2397, -0.0014, ovf, ovf, ovf, 46181076.0000, 1.0756, -2.1618, ovf, ovf, 0.9516, ovf, 0
111.5160, 0.86, ovf, ovf, ovf, 0.52, 2.38, ovf, ovf, ovf, 2.80, 0.81, ovf, 0.42, 1.86, ovf, 3.40, ovf, ovf, 1.25, 0.08, ovf, 3.04, -1740753.12, ovf, ovf, ovf, ovf, 0.12, ovf, ovf, 0.66, ovf, ovf, ovf, 0.77, 0.87, -944895.93, 3.19, 0.97, ovf, 0.96, ovf, -0.00, 0.01, ovf, ovf, -7.23, ovf, 0.63, 0.12, 0.68, ovf, 0.67, 0.27, 31519.25, ovf, -2319926528.00, ovf, 0.30, ovf, 19.16, 0.13, 1.13, 0.08, ovf, 15.2803, 7.9927, ovf, ovf, ovf, ovf, -17477802.0000, ovf, 0.6217, 16.0646, 16.2399, ovf, 60776352.0000, 0.8852, 17.0867, 22.7191, ovf, ovf, ovf, -935.7576, -0.0002, ovf, ovf, ovf, 7696847.0000, 1.2032, -2.2658, ovf, ovf, 0.7414, ovf, 0
116.1180, 0.86, ovf, ovf, ovf, 0.50, 2.46, ovf, ovf, ovf, 2.82, 0.81, 1361997440.00, 0.43, 1.64, ovf, 3.50, ovf, ovf, 1.25, 0.10, ovf, 3.12, -290125.03, ovf, ovf, ovf, ovf, 0.10, ovf, ovf, 0.64, ovf, ovf, ovf, 0.77, 2.61, -157481.90, 3.13, 0.97, ovf, 0.98, ovf, -0.00, 0.03, ovf, ovf, -0.56, ovf, 0.63, 0.12, 0.69, ovf, 0.68, 0.26, 5253.22, ovf, -386654432.00, ovf, 0.29, ovf, 3.95, 0.15, 1.12, 0.10, ovf, 14.9558, 8.0668, ovf, ovf, ovf, ovf, -2912958.0000, ovf, 0.7797, 16.2462, 15.4017, ovf, 10129392.0000, 0.8308, 17.1834, 22.2802, ovf, ovf, ovf, -140.0001, -0.0000, ovf, ovf, ovf, 1282809.8750, 1.1531, -2.0943, ovf, ovf, 0.9111, ovf, 0
120.7210, 0.86, ovf, ovf, ovf, 0.49, 2.59, ovf, ovf, ovf, 2.85, 0.81, 226999568.00, 0.44, 1.39, ovf, 3.65, ovf, ovf, 1.25, 0.05, ovf, 3.29, -48353.64, ovf, ovf, ovf, ovf, 0.07, ovf, ovf, 0.63, ovf, ovf, ovf, 0.77, 2.80, -26246.20, 3.22, 0.97, ovf, 0.99, -732137024.00, -0.00, 0.06, ovf, ovf, 0.57, ovf, 0.63, 0.14, 0.70, ovf, 0.68, 0.33, 875.55, ovf, -64442404.00, ovf, 0.28, ovf, 1.42, 0.14, 1.11, 0.12, ovf, 14.5607, 8.2800, ovf, ovf, ovf, ovf, -485484.1875, ovf, 0.4003, 16.8094, 14.9890, ovf, 1688232.3750, 0.7140, 17.3379, 22.1698, ovf, ovf, ovf, -7.9326, -0.0000, ovf, ovf, ovf, 213803.3125, 1.4390, -2.0675, ovf, ovf, 0.8497, ovf, 0
125.3240, 0.86, ovf, ovf, ovf, 0.48, 2.87, ovf, ovf, ovf, 2.66, 0.81, 37833260.00, 0.45, 1.20, -2502853376.00, 3.61, ovf, ovf, 1.25, 0.06, ovf, 3.41, -8058.43, ovf, ovf, ovf, ovf, 0.06, ovf, ovf, 0.62, ovf, ovf, ovf, 0.77, 2.67, -4373.57, 3.24, 0.97, ovf, 1.00, -122022840.00, -0.00, 0.06, ovf, 2715528704.00, 0.76, ovf, 0.63, 0.16, 0.71, ovf, 0.68, 0.27, 145.94, ovf, -10740401.00, ovf, 0.27, ovf, 1.01, 0.14, 1.10, 0.09, ovf, 13.8375, 8.9159, ovf, ovf, 1687533440.0000, ovf, -80905.7031, ovf, 0.4724, 17.4257, 14.4483, ovf, 281372.5000, 0.8164, 16.9362, 23.0209, ovf, ovf, ovf, 12.7163, -0.0000, ovf, ovf, ovf, 35635.4296, 1.1924, -1.9710, ovf, ovf, 0.8489, ovf, 0
129.9300, 0.86, ovf, ovf, ovf, 0.46, 2.66, ovf, ovf, ovf, 2.49, 0.81, 6305547.50, 0.46, 1.35, -417142240.00, 3.40, ovf, ovf, 1.25, 0.03, ovf, 3.14, -1342.58, ovf, ovf, ovf, ovf, 0.11, ovf, ovf, 0.61, ovf, ovf, ovf, 0.77, 2.84, -728.12, 2.84, 0.97, ovf, 1.01, -20337140.00, -0.00, 0.04, ovf, 452588128.00, 0.81, ovf, 0.63, 0.14, 0.72, 2513499392.00, 0.67, 0.23, 24.33, ovf, -1790066.87, ovf, 0.25, ovf, 0.95, 0.16, 1.10, 0.10, ovf, 13.9726, 8.0320, ovf, ovf, 281255584.0000, ovf, -13476.7060, ovf, 0.2142, 15.9727, 15.5919, ovf, 46896.2421, 0.9512, 15.4969, 23.3144, ovf, ovf, ovf, 15.1264, -0.0000, ovf, ovf, ovf, 5940.9677, 1.0034, -1.9514, ovf, ovf, 0.9592, ovf, 0
134.5350, 0.86, ovf, ovf, ovf, 0.45, 2.74, ovf, ovf, ovf, 2.77, 0.81, 1050927.37, 0.48, 1.04, -69523704.00, 3.77, ovf, ovf, 1.25, 0.09, ovf, 3.32, -223.27, ovf, ovf, ovf, ovf, 0.09, ovf, ovf, 0.60, ovf, ovf, ovf, 0.77, 2.84, -120.54, 2.87, 0.97, 2135042048.00, 1.02, -3389521.25, -0.00, 0.02, ovf, 75431352.00, 0.82, ovf, 0.63, 0.12, 0.73, 418916576.00, 0.68, 0.29, 4.07, ovf, -298344.21, ovf, 0.24, ovf, 0.94, 0.16, 1.10, 0.08, ovf, 14.4161, 8.0911, ovf, ovf, 46875936.0000, ovf, -2237.7421, ovf, 0.7123, 16.7439, 14.0921, ovf, 7816.5976, 0.8570, 16.3767, 21.9214, ovf, ovf, ovf, 17.0695, -0.0000, ovf, ovf, ovf, 991.7583, 1.2667, -2.1355, ovf, ovf, 0.9770, ovf, 0
139.1400, 0.86, ovf, ovf, ovf, 0.44, 2.81, ovf, ovf, ovf, 2.43, 0.81, 175157.50, 0.49, 0.82, -11587284.00, 3.63, ovf, ovf, 1.25, 0.10, ovf, 3.42, -36.74, ovf, ovf, ovf, ovf, 0.11, ovf, -1621398528.00, 0.58, ovf, ovf, ovf, 0.77, 2.62, -19.26, 2.76, 0.97, 355840352.00, 1.02, -564918.18, -0.00, 0.07, ovf, 12571892.00, 0.84, ovf, 0.63, 0.14, 0.75, 69819432.00, 0.67, 0.28, 0.69, ovf, -49723.78, ovf, 0.23, ovf, 0.95, 0.13, 1.10, 0.11, ovf, 13.5065, 8.0268, ovf, ovf, 7812671.0000, ovf, -365.3569, -885868096.0000, 0.7958, 16.9670, 14.7704, ovf, 1303.6000, 0.8413, 15.4504, 23.3807, ovf, ovf, ovf, 15.9813, -0.0000, ovf, ovf, ovf, 166.6742, 1.2345, -1.8950, ovf, ovf, 0.7847, ovf, 0
143.7460, 0.86, ovf, ovf, ovf, 0.43, 2.58, ovf, ovf, ovf, 2.70, 0.81, 29195.60, 0.50, 0.97, -1931214.00, 3.69, ovf, ovf, 1.25, 0.08, ovf, 3.15, -5.65, ovf, ovf, ovf, ovf, 0.10, ovf, -270233088.00, 0.57, ovf, ovf, ovf, 0.77, 2.99, -2.37, 2.54, 0.97, 59306724.00, 1.02, -94150.84, -0.00, 0.01, ovf, 2095317.37, 0.85, ovf, 0.63, 0.12, 0.76, 11636572.00, 0.67, 0.26, 0.13, ovf, -8287.02, ovf, 0.22, ovf, 0.97, 0.14, 1.12, 0.10, ovf, 14.2218, 7.1998, ovf, ovf, 1302126.0000, ovf, -53.3035, -147644688.0000, 0.6743, 15.8200, 13.9097, ovf, 217.9615, 0.7215, 15.1321, 21.8766, ovf, ovf, ovf, 17.2245, -0.0000, ovf, ovf, ovf, 29.6779, 1.1583, -2.1313, ovf, ovf, 0.8657, ovf, 0
148.3510, 0.86, ovf, ovf, ovf, 0.42, 2.90, ovf, ovf, ovf, 2.68, 0.81, 4868.83, 0.51, 0.56, -321868.75, 3.86, ovf, ovf, 1.25, 0.05, ovf, 3.41, -0.49, ovf, ovf, ovf, ovf, 0.10, ovf, -45038848.00, 0.56, ovf, ovf, ovf, 0.77, 2.81, 0.45, 2.59, 0.97, 9884454.00, 1.02, -15689.71, -0.00, 0.05, ovf, 349221.50, 0.86, ovf, 0.63, 0.14, 0.77, 1939428.62, 0.68, 0.28, 0.03, ovf, -1380.89, ovf, 0.21, ovf, 0.97, 0.12, 1.13, 0.08, ovf, 13.4331, 7.8246, ovf, ovf, 217036.2968, ovf, -1.1734, -24607434.0000, 0.3822, 16.9122, 13.1500, ovf, 37.0217, 0.4734, 15.4413, 22.1631, ovf, ovf, ovf, 16.7588, -0.0000, ovf, ovf, ovf, 6.2041, 1.2190, -2.0800, ovf, ovf, 0.7734, ovf, 0
152.9550, 0.86, ovf, ovf, ovf, 0.40, 2.93, ovf, ovf, ovf, 2.41, 0.81, 814.39, 0.52, 0.46, -53644.48, 3.71, ovf, ovf, 1.25, 0.06, ovf, 3.38, 0.37, ovf, ovf, ovf, ovf, 0.13, ovf, -7506474.50, 0.55, ovf, ovf, ovf, 0.77, 2.62, 0.93, 2.38, 0.97, 1647409.00, 1.03, -2613.07, -0.00, 0.06, ovf, 58205.50, 0.87, ovf, 0.63, 0.12, 0.78, 323238.34, 0.67, 0.28, 0.02, ovf, -229.85, ovf, 0.19, ovf, 0.97, 0.12, 1.12, 0.08, ovf, 12.8340, 7.7040, ovf, ovf, 36188.0351, ovf, 7.0961, -4101224.5000, 0.4694, 16.7639, 13.4422, ovf, 7.1427, 0.5539, 14.5386, 23.1069, ovf, ovf, ovf, 15.3850, -0.0000, ovf, ovf, ovf, 2.3090, 1.2281, -1.9793, ovf, ovf, 0.7586, ovf, 0
157.5570, 0.86, ovf, ovf, ovf, 0.39, 2.96, ovf, ovf, ovf, 2.35, 0.81, 138.75, 0.54, 0.41, -8940.44, 3.59, ovf, ovf, 1.25, 0.08, ovf, 3.31, 0.50, ovf, ovf, ovf, ovf, 0.11, ovf, -1251079.12, 0.54, ovf, ovf, ovf, 0.77, 2.72, 1.02, 2.18, 0.97, 274568.31, 1.03, -433.64, -0.00, 0.08, ovf, 9703.07, 0.88, ovf, 0.63, 0.14, 0.79, 53873.26, 0.68, 0.28, 0.02, ovf, -38.00, ovf, 0.18, ovf, 0.98, 0.12, 1.11, 0.10, ovf, 12.7356, 7.5369, ovf, ovf, 6047.2329, ovf, 8.2376, -683523.1250, 0.6194, 16.6238, 13.5825, ovf, 1.8847, 0.5673, 13.9518, 23.5435, ovf, ovf, ovf, 15.0446, -0.0000, ovf, ovf, ovf, 1.5087, 1.2302, -2.1479, ovf, ovf, 0.7639, ovf, 0
162.1590, 0.86, ovf, ovf, ovf, 0.38, 3.11, ovf, ovf, ovf, 2.38, 0.81, 26.06, 0.55, 0.05, -1489.77, 3.66, ovf, ovf, 1.25, 0.05, ovf, 3.32, 0.51, ovf, ovf, ovf, ovf, 0.10, ovf, -208513.12, 0.52, ovf, ovf, ovf, 0.77, 2.70, 1.05, 2.06, 0.97, 45761.48, 1.03, -70.41, -0.00, 0.05, ovf, 1619.36, 0.89, ovf, 0.63, 0.16, 0.81, 8979.09, 0.68, 0.26, 0.02, ovf, -6.02, ovf, 0.17, ovf, 0.99, 0.12, 1.10, 0.12, ovf, 12.5831, 7.6974, ovf, ovf, 1023.3271, ovf, 8.6798, -113906.4296, 0.3741, 16.9141, 13.1789, ovf, 1.0084, 0.4508, 13.9734, 23.0640, ovf, ovf, ovf, 14.9877, -0.0000, ovf, ovf, ovf, 1.3915, 1.1576, -2.0891, ovf, ovf, 0.7716, ovf, 0
166.7600, 0.86, ovf, ovf, ovf, 0.37, 3.13, ovf, ovf, ovf, 2.56, 0.81, 7.21, 0.56, -0.06, -247.99, 3.89, -1684629120.00, ovf, 1.25, 0.07, ovf, 3.32, 0.50, ovf, -2056737920.00, ovf, ovf, 0.08, ovf, -34752.17, 0.51, ovf, ovf, ovf, 0.77, 2.78, 1.06, 1.98, 0.97, 7627.03, 1.04, -9.90, -0.00, 0.04, ovf, 272.24, 0.91, ovf, 0.63, 0.14, 0.82, 1496.72, 0.68, 0.26, 0.02, ovf, -0.68, ovf, 0.16, ovf, 1.00, 0.10, 1.09, 0.09, ovf, 12.7681, 7.5051, ovf, ovf, 185.6262, ovf, 9.2362, -18971.3281, 0.6035, 17.1654, 12.2361, ovf, 0.7233, 0.1944, 14.2063, 22.0473, ovf, ovf, ovf, 14.8910, -0.0000, ovf, ovf, ovf, 1.3006, 1.1465, -2.1735, ovf, ovf, 0.6729, ovf, 0
171.3630, 0.86, ovf, ovf, ovf, 0.36, 3.16, ovf, ovf, ovf, 2.58, 0.81, 4.05, 0.57, -0.14, -41.03, 3.92, -280771520.00, ovf, 1.25, 0.06, ovf, 3.30, 0.49, ovf, -342789664.00, -3572505600.00, ovf, 0.11, ovf, -5791.98, 0.50, ovf, ovf, ovf, 0.77, 2.68, 1.07, 1.83, 0.97, 1271.31, 1.05, 0.05, -0.00, 0.02, ovf, 47.84, 0.92, ovf, 0.63, 0.12, 0.83, 249.64, 0.67, 0.24, 0.02, ovf, 0.22, ovf, 0.15, ovf, 1.00, 0.12, 1.07, 0.10, ovf, 12.7989, 7.3355, ovf, ovf, 45.9103, -3061573888.0000, 9.2894, -3148.5363, 0.5068, 17.1209, 11.5946, ovf, 0.9539, 0.3892, 14.0726, 21.5173, ovf, ovf, ovf, 14.1138, -0.0000, ovf, ovf, 751534656.0000, 1.2089, 1.0671, -2.1894, ovf, ovf, 0.7642, ovf, 0
175.9680, 0.86, ovf, ovf, ovf, 0.34, 2.98, ovf, ovf, ovf, 2.31, 0.81, 3.64, 0.58, -0.21, -6.53, 3.62, -46795252.00, ovf, 1.25, 0.04, ovf, 3.18, 0.48, ovf, -57131612.00, -595417600.00, ovf, 0.09, ovf, -965.25, 0.49, ovf, ovf, ovf, 0.77, 2.70, 1.08, 1.45, 0.97, 212.00, 1.06, 1.41, -0.00, 0.07, ovf, 10.69, 0.93, -2828933376.00, 0.63, 0.14, 0.84, 41.77, 0.67, 0.27, 0.02, ovf, 0.38, ovf, 0.13, ovf, 1.00, 0.15, 1.06, 0.10, ovf, 12.4012, 6.6533, ovf, ovf, 23.2501, -510262336.0000, 8.5865, -510.2143, 0.3553, 16.5082, 12.4809, ovf, 0.7142, 0.6586, 12.7518, 22.6977, ovf, ovf, ovf, 12.0413, -0.0000, ovf, ovf, 125255776.0000, 1.1166, 1.2023, -2.1913, ovf, ovf, 0.9977, ovf, 0
180.5730, 0.86, ovf, ovf, ovf, 0.33, 2.76, ovf, ovf, ovf, 2.60, 0.81, 3.24, 0.60, -0.08, -0.79, 3.69, -7799208.50, ovf, 1.24, 0.06, ovf, 2.93, 0.47, ovf, -9521935.00, -99236264.00, ovf, 0.11, ovf, -160.82, 0.47, ovf, ovf, ovf, 0.77, 3.05, 1.10, 1.16, 0.97, 35.47, 1.06, 1.83, -0.00, 0.05, ovf, 4.72, 0.94, -471488896.00, 0.63, 0.12, 0.85, 7.15, 0.68, 0.26, 0.01, ovf, 0.42, ovf, 0.12, ovf, 1.00, 0.16, 1.07, 0.10, ovf, 13.0987, 5.9800, ovf, ovf, 17.7208, -85043720.0000, 8.5541, -71.6932, 0.4644, 15.3467, 12.0743, ovf, 0.9440, 0.4660, 12.3785, 21.3204, ovf, ovf, ovf, 13.0801, -0.0000, ovf, ovf, 20875962.0000, 1.2079, 1.1529, -1.9990, ovf, 3993303552.0000, 1.0371, ovf, 0
185.1780, 0.86, -823177728.00, -2762255104.00, ovf, 0.32, 3.08, ovf, ovf, ovf, 2.77, 0.80, 3.31, 0.61, -0.50, 0.15, 4.05, -1299867.62, ovf, 1.25, 0.04, ovf, 3.26, 0.46, ovf, -1586988.12, -16539377.00, ovf, 0.10, ovf, -26.79, 0.46, ovf, ovf, ovf, 0.77, 2.92, 1.11, 1.06, 0.97, 6.04, 1.06, 1.94, -0.00, 0.06, ovf, 3.62, 0.95, -78581480.00, 0.63, 0.12, 0.87, 1.29, 0.67, 0.31, 0.02, ovf, 0.43, ovf, 0.11, ovf, 1.00, 0.13, 1.08, 0.12, ovf, 13.0875, 6.3886, ovf, ovf, 17.2999, -14173953.0000, 9.0348, 0.7652, 0.3482, 16.9042, 11.1416, ovf, 0.8381, 0.1964, 12.9032, 20.5790, ovf, ovf, ovf, 13.4758, -0.0000, ovf, ovf, 3479327.0000, 0.7664, 1.3598, -2.2470, ovf, 665550528.0000, 0.8260, ovf, 0
189.7840, 0.86, -137196288.00, -460375840.00, ovf, 0.31, 2.98, ovf, ovf, ovf, 2.34, 0.79, 3.47, 0.62, -0.43, 0.31, 3.67, -216643.85, ovf, 1.25, 0.07, ovf, 3.13, 0.44, ovf, -264497.53, -2756562.75, ovf, 0.12, ovf, -4.36, 0.47, ovf, ovf, ovf, 0.77, 2.85, 1.12, 0.69, 0.97, 1.11, 1.06, 1.82, -0.00, 0.04, ovf, 3.77, 0.97, -13096913.00, 0.63, 0.14, 0.88, 0.32, 0.67, 0.27, 0.01, ovf, 0.45, ovf, 0.10, ovf, 1.00, 0.12, 1.09, 0.10, ovf, 12.4469, 5.9690, ovf, ovf, 17.7784, -2362326.7500, 8.1713, 14.3963, 0.5992, 16.2129, 11.7667, ovf, 0.9574, 0.7385, 11.9589, 22.0913, ovf, ovf, ovf, 12.6198, -0.0000, ovf, ovf, 579888.3125, 0.6996, 1.1782, -2.0156, ovf, 110925104.0000, 0.7897, -776892672.0000, 0
194.3910, 0.86, -22866048.00, -76729304.00, ovf, 0.30, 3.03, ovf, ovf, ovf, 2.76, 0.79, 3.26, 0.63, -0.69, 0.33, 3.98, -36106.60, ovf, 1.25, 0.08, ovf, 3.10, 0.43, ovf, -44082.39, -459427.12, ovf, 0.12, -1651301376.00, -0.66, 0.48, ovf, ovf, ovf, 0.77, 2.98, 1.13, 0.48, 0.97, 0.30, 1.06, 2.00, -0.00, 0.06, ovf, 3.78, 0.98, -2182817.75, 0.63, 0.16, 0.89, 0.12, 0.66, 0.26, 0.02, ovf, 0.46, ovf, 0.09, ovf, 1.01, 0.10, 1.08, 0.10, ovf, 13.0053, 5.8193, ovf, ovf, 16.8773, -393723.7187, 8.6130, 14.8504, 0.6405, 16.2748, 10.7499, ovf, 0.9778, 0.5939, 13.0835, 20.7995, ovf, ovf, ovf, 13.8777, -0.0000, ovf, ovf, 96648.6171, 0.5036, 1.1291, -2.2533, ovf, 18487518.0000, 0.6816, -129482112.0000, 0
198.9970, 0.86, -3811006.00, -12788217.00, ovf, 0.28, 3.05, ovf, ovf, ovf, 2.38, 0.79, 3.56, 0.64, -0.78, 0.33, 3.76, -6017.08, ovf, 1.25, 0.08, ovf, 3.15, 0.42, ovf, -7346.53, -76571.13, ovf, 0.12, -275216896.00, -0.01, 0.48, ovf, ovf, ovf, 0.77, 2.76, 1.14, 0.16, 0.97, 0.18, 1.06, 1.75, -0.00, 0.06, ovf, 3.66, 0.99, -363802.34, 0.63, 0.14, 0.90, 0.07, 0.65, 0.29, 0.02, ovf, 0.47, ovf, 0.08, ovf, 1.02, 0.12, 1.09, 0.10, ovf, 12.2093, 5.6513, ovf, ovf, 18.2495, -65623.4140, 8.1118, 16.7963, 0.6479, 16.3546, 11.2079, ovf, 0.9812, 0.7959, 12.3244, 22.2033, ovf, ovf, ovf, 12.1024, -0.0000, ovf, ovf, 16108.5830, 0.3777, 1.2459, -2.1036, ovf, 3081252.7500, 0.7803, -21580352.0000, 0
203.6030, 0.86, -635166.06, -2131369.50, ovf, 0.27, 2.91, ovf, ovf, ovf, 2.70, 0.79, 3.24, 0.66, -0.70, 0.33, 3.79, -1002.15, ovf, 1.25, 0.06, ovf, 2.98, 0.41, -3071299840.00, -1223.90, -12761.79, ovf, 0.10, -45869484.00, 0.11, 0.50, ovf, ovf, ovf, 0.77, 3.09, 1.15, -0.17, 0.97, 0.13, 1.06, 1.98, -0.00, 0.04, ovf, 3.84, 1.00, -60633.06, 0.63, 0.14, 0.91, 0.04, 0.65, 0.28, 0.02, ovf, 0.48, ovf, 0.06, ovf, 1.03, 0.12, 1.10, 0.07, ovf, 12.9513, 5.1374, ovf, ovf, 16.7827, -10939.6621, 8.1727, 15.8596, 0.5137, 15.5836, 10.4652, ovf, 0.8453, 0.9378, 12.9152, 20.6386, ovf, ovf, ovf, 13.6671, -0.0000, -1051601600.0000, ovf, 2685.2446, 0.2619, 1.1920, -2.1760, ovf, 513542.3750, 0.8045, -3596725.5000, 0
208.2100, 0.86, -105859.26, -355227.75, ovf, 0.26, 3.25, ovf, -1452347264.00, ovf, 2.38, 0.78, 3.61, 0.67, -1.08, 0.32, 3.92, -166.33, ovf, 1.25, 0.06, ovf, 3.26, 0.40, -511883296.00, -203.47, -2126.86, ovf, 0.12, -7644914.00, 0.12, 0.49, ovf, ovf, ovf, 0.77, 2.73, 1.16, -0.38, 0.97, 0.12, 1.06, 1.81, -0.00, 0.04, ovf, 3.52, 1.01, -10104.89, 0.63, 0.14, 0.92, -0.03, 0.64, 0.33, 0.02, ovf, 0.49, ovf, 0.05, ovf, 1.04, 0.12, 1.12, 0.09, ovf, 11.8419, 5.4742, ovf, ovf, 18.4276, -1827.4965, 8.1440, 16.7847, 0.4913, 16.9434, 9.9791, ovf, 0.9503, 0.8459, 12.6827, 22.0875, ovf, ovf, ovf, 12.5203, -0.0000, -175266928.0000, ovf, 448.0215, -0.1574, 1.3762, -2.0923, -951008320.0000, 85590.7187, 0.8158, -599453.6875, 0
212.8180, 0.86, -17641.61, -59204.16, ovf, 0.25, 3.18, ovf, -242057872.00, -784609536.00, 2.73, 0.78, 3.35, 0.68, -1.16, 0.32, 4.15, -27.03, 3316493056.00, 1.25, 0.06, ovf, 3.16, 0.38, -85313880.00, -33.41, -354.43, ovf, 0.10, -1274151.37, 0.14, 0.50, ovf, ovf, ovf, 0.77, 2.94, 1.18, -0.70, 0.97, 0.12, 1.06, 2.00, -0.00, 0.06, ovf, 3.60, 1.02, -1683.50, 0.63, 0.11, 0.94, -0.04, 0.64, 0.32, 0.02, ovf, 0.51, ovf, 0.04, ovf, 1.05, 0.12, 1.11, 0.12, ovf, 12.2690, 5.0922, -2144989184.0000, ovf, 17.1014, -308.9469, 8.5861, 15.4077, 0.4876, 16.5563, 9.3082, ovf, 0.8266, 0.9368, 13.5509, 20.7251, ovf, ovf, ovf, 13.8345, -0.0000, -29211138.0000, ovf, 75.0130, -0.2299, 1.3377, -2.1716, -158501376.0000, 14265.3486, 0.8177, -99908.2031, 0
217.4280, 0.86, -2938.67, -9866.90, ovf, 0.23, 3.08, ovf, -40342980.00, -130768256.00, 2.84, 0.77, 3.28, 0.69, -1.24, 0.32, 4.06, -3.82, 552748864.00, 1.25, 0.04, ovf, 3.18, 0.37, -14218980.00, -5.08, -59.04, ovf, 0.08, -212357.68, 0.17, 0.50, ovf, ovf, ovf, 0.77, 3.09, 1.19, -1.10, 0.97, 0.15, 1.06, 2.00, -0.00, 0.08, -3112178944.00, 3.78, 1.04, -280.15, 0.63, 0.13, 0.95, -0.02, 0.63, 0.30, 0.02, ovf, 0.52, ovf, 0.03, ovf, 1.05, 0.10, 1.10, 0.10, 817030528.0000, 12.6995, 4.7095, -357498240.0000, 1165644544.0000, 16.5127, -56.2268, 8.3832, 15.2368, 0.3516, 16.5011, 9.1227, ovf, 0.6669, 1.1686, 13.5371, 19.9431, ovf, ovf, ovf, 13.8140, -0.0000, -4868504.5000, ovf, 12.9818, -0.1414, 1.2437, -2.1908, -26416900.0000, 2377.7026, 0.7040, -16650.7773, 0
222.0390, 0.86, -488.11, -1644.02, ovf, 0.22, 3.21, -2027732480.00, -6723830.00, -21794710.00, 2.86, 0.76, 3.41, 0.70, -1.42, 0.32, 4.18, 0.03, 92124808.00, 1.24, 0.06, ovf, 3.25, 0.36, -2369827.00, -0.37, -9.79, ovf, 0.10, -35392.09, 0.13, 0.49, ovf, ovf, ovf, 0.77, 2.98, 1.20, -1.40, 0.97, 0.13, 1.06, 2.02, -0.00, 0.08, -518696480.00, 3.63, 1.05, -46.37, 0.63, 0.14, 0.96, -0.05, 0.62, 0.33, 0.02, ovf, 0.53, ovf, 0.02, -3274477824.00, 1.06, 0.10, 1.08, 0.08, 136171760.0000, 12.4121, 4.6610, -59583032.0000, 194274096.0000, 16.9455, -14.9613, 8.6254, 15.2847, 0.4633, 16.5979, 8.8170, ovf, 0.7658, 0.8698, 13.6282, 19.9277, ovf, -959380992.0000, ovf, 13.9257, -0.0000, -811399.3750, ovf, 2.6444, -0.3376, 1.3406, -2.1867, -4402824.5000, 396.3997, 0.6913, -2774.6601, 0
226.6530, 0.86, -79.37, -273.55, ovf, 0.21, 3.29, -337955424.00, -1120638.62, -3632451.75, 2.41, 0.75, 3.65, 0.71, -1.60, 0.32, 3.91, 0.67, 15354135.00, 1.24, 0.06, ovf, 3.31, 0.35, -394967.78, 0.41, -1.61, 1062688704.00, 0.12, -5897.81, 0.15, 0.48, ovf, -1313845632.00, -3902129152.00, 0.77, 2.76, 1.21, -1.82, 0.97, 0.12, 1.06, 1.82, -0.00, 0.08, -86449416.00, 3.56, 1.06, -7.75, 0.63, 0.12, 0.97, -0.13, 0.61, 0.34, 0.02, ovf, 0.54, ovf, 0.02, -545746304.00, 1.07, 0.10, 1.09, 0.11, 22695310.0000, 11.7375, 4.4952, -9930506.0000, 32379018.0000, 17.8635, -8.8587, 8.0634, 16.9354, 0.4819, 16.6669, 9.1860, ovf, 0.9058, 1.0533, 12.5203, 21.7687, ovf, -159896832.0000, ovf, 12.5634, -0.0000, -135215.2968, ovf, 0.8522, -0.7964, 1.3390, -2.1012, -733813.7500, 66.1893, 0.6959, -461.7320, 0
231.2670, 0.86, -11.53, -45.14, ovf, 0.20, 3.26, -56325904.00, -186773.57, -605408.12, 2.73, 0.76, 3.43, 0.72, -1.68, 0.32, 4.10, 0.77, 2559024.75, 1.24, 0.09, ovf, 3.20, 0.35, -65824.85, 0.53, -0.20, 177114784.00, 0.10, -982.10, 0.16, 0.49, -950396352.00, -218974272.00, -650354880.00, 0.77, 2.99, 1.22, -2.25, 0.97, 0.14, 1.06, 2.04, -0.00, 0.06, -14408236.00, 3.64, 1.07, -1.29, 0.63, 0.12, 0.97, -0.05, 0.59, 0.34, 0.02, -1843915904.00, 0.55, ovf, 0.02, -90957720.00, 1.08, 0.10, 1.08, 0.12, 3782561.2500, 12.3910, 4.2246, -1655086.5000, 5396511.5000, 16.9244, -8.0815, 8.4510, 15.4756, 0.7548, 16.2856, 8.5353, ovf, 0.7999, 1.0755, 13.5067, 19.9580, ovf, -26649490.0000, ovf, 14.0625, -0.0000, -22517.5546, ovf, 0.5519, -0.3421, 1.3137, -2.3723, -122312.3750, 11.1435, 0.7030, -76.2512, 0
235.8830, 0.86, -0.02, -7.08, -1985957376.00, 0.19, 3.06, -9387651.00, -31129.35, -100900.85, 2.54, 0.75, 3.50, 0.73, -1.58, 0.32, 3.75, 0.78, 426506.87, 1.24, 0.07, -1816963200.00, 3.13, 0.36, -10967.37, 0.54, 0.02, 29519130.00, 0.13, -162.83, 0.18, 0.50, -158399392.00, -36495712.00, -108392480.00, 0.77, 3.02, 1.23, -2.69, 0.97, 0.14, 1.06, 1.91, -0.00, 0.06, -2401371.75, 3.99, 1.08, -0.53, 0.62, 0.14, 0.95, -0.01, 0.58, 0.32, 0.01, -307319328.00, 0.56, -3397575424.00, 0.02, -15159620.00, 1.09, 0.10, 1.07, 0.10, 630437.5000, 12.0341, 3.6997, -275849.6250, 899426.5625, 17.1272, -7.5031, 7.7259, 16.4114, 0.5310, 15.7639, 9.4265, ovf, 1.0302, 1.1777, 12.5192, 20.7327, 1280256640.0000, -4441600.0000, ovf, 13.1617, -0.0000, -3732.9167, ovf, 0.5623, -0.0570, 1.2272, -2.0312, -20396.1601, 1.9603, 0.7109, -12.1288, 0
240.5000, 0.86, 1.95, -0.73, -330992896.00, 0.17, 3.13, -1564607.50, -5188.57, -16816.33, 2.42, 0.74, 3.55, 0.73, -1.71, 0.31, 3.69, 0.78, 71087.24, 1.24, 0.03, -302827200.00, 3.14, 0.37, -1824.51, 0.53, 0.09, 4919855.00, 0.14, -26.29, 0.20, 0.49, -26399898.00, -6082618.50, -18065408.00, 0.77, 2.97, 1.24, -3.10, 0.97, 0.16, 1.06, 1.87, -0.00, 0.06, -400227.87, 3.87, 1.09, -0.56, 0.61, 0.14, 0.94, 0.02, 0.57, 0.35, 0.02, -51219920.00, 0.58, -566262592.00, 0.02, -2526602.25, 1.10, 0.10, 1.06, 0.08, 105083.8125, 11.8583, 3.5422, -45976.5156, 149911.9375, 17.0763, -8.1013, 7.4134, 16.7371, 0.2234, 15.5414, 9.7034, ovf, 1.0686, 1.2952, 12.1258, 21.2514, 213376128.0000, -740288.0625, 1537173376.0000, 12.8965, -0.0000, -602.9603, ovf, 0.5557, 0.0921, 1.3123, -2.1642, -3410.6330, 0.4281, 0.7180, -1.5631, 0
245.1180, 0.86, 2.32, 0.32, -55165484.00, 0.17, 3.34, -260767.29, -865.48, -2802.24, 2.40, 0.75, 3.69, 0.73, -1.97, 0.30, 3.97, 0.78, 11850.56, 1.24, 0.05, -50471200.00, 3.32, 0.38, -300.95, 0.52, 0.10, 819976.81, 0.12, -3.54, 0.17, 0.48, -4399979.50, -1013769.25, -3010897.25, 0.76, 2.74, 1.26, -3.42, 0.97, 0.14, 1.06, 1.86, -0.00, 0.09, -66703.90, 3.74, 1.10, -0.66, 0.62, 0.12, 0.93, 0.00, 0.56, 0.39, 0.02, -8536669.00, 0.59, -94377096.00, 0.02, -421099.37, 1.10, 0.10, 1.07, 0.11, 17525.1542, 11.3089, 3.7231, -7666.0498, 24992.8613, 17.9514, -9.3384, 7.6285, 16.4524, 0.4419, 16.6414, 9.3619, -1190546560.0000, 0.9468, 1.0950, 12.4948, 21.5428, 35562700.0000, -123405.1015, 256195568.0000, 12.8521, -0.0000, -82.1606, -1125055360.0000, 0.4957, 0.0153, 1.4270, -2.2767, -580.4252, 0.1853, 0.7191, 0.4353, 0
249.7340, 0.86, 2.10, 0.48, -9194243.00, 0.17, 3.37, -43460.62, -145.36, -466.56, 2.73, 0.75, 3.55, 0.73, -1.86, 0.29, 4.09, 0.78, 1977.59, 1.24, 0.08, -8411867.00, 3.30, 0.37, -47.11, 0.51, 0.10, 136663.79, 0.10, 0.24, 0.18, 0.48, -733326.43, -168960.98, -501812.37, 0.77, 2.87, 1.27, -3.84, 0.97, 0.14, 1.06, 1.98, -0.00, 0.02, -11116.57, 3.77, 1.12, -0.66, 0.61, 0.15, 0.92, 0.05, 0.56, 0.38, 0.02, -1422796.12, 0.60, -15729516.00, 0.02, -70182.34, 1.11, 0.08, 1.08, 0.12, 2930.4592, 11.4078, 3.7686, -1282.9101, 4174.2333, 17.2857, -8.8273, 7.8441, 15.4576, 0.6132, 16.7758, 8.8918, -198424432.0000, 0.7984, 1.1575, 13.3302, 20.5433, 5927129.0000, -20594.4941, 42699260.0000, 13.6502, -0.0000, 4.7061, -187509232.0000, 0.6097, 0.2999, 1.3857, -2.1050, -109.1803, 0.1272, 0.6042, 0.7757, 0
254.3490, 0.86, 2.35, 0.51, -1532370.87, 0.17, 3.16, -7242.83, -25.08, -77.28, 2.39, 0.74, 3.57, 0.73, -1.73, 0.29, 3.70, 0.77, 332.40, 1.24, 0.06, -1401976.87, 3.08, 0.36, -4.40, 0.50, 0.03, 22778.30, 0.12, 0.88, 0.16, 0.49, -122218.00, -28159.60, -83631.25, 0.77, 2.96, 1.28, -4.36, 0.97, 0.12, 1.06, 1.88, -0.00, 0.09, -1852.02, 4.20, 1.13, -1.03, 0.60, 0.14, 0.90, 0.13, 0.55, 0.35, 0.01, -237150.45, 0.61, -2621589.00, 0.02, -11696.21, 1.13, 0.08, 1.08, 0.09, 499.5942, 11.1622, 3.5350, -217.8659, 702.9641, 17.1548, -8.1798, 7.0830, 16.5853, 0.5069, 15.6947, 9.5043, -33070738.0000, 0.9107, 1.0705, 12.1327, 21.4369, 987867.3750, -3463.4370, 7116543.0000, 12.9779, -0.0000, 21.3210, -31251538.0000, 0.5537, 0.7349, 1.2361, -2.0815, -31.5185, 0.1227, 0.5903, 0.5980, 0
258.9630, 0.86, 2.19, 0.50, -255392.12, 0.17, 3.08, -1206.52, -5.13, -12.40, 2.71, 0.75, 3.31, 0.73, -1.70, 0.28, 4.03, 0.77, 57.92, 1.24, 0.04, -233662.18, 3.06, 0.37, 2.40, 0.50, 0.04, 3797.39, 0.12, 0.98, 0.19, 0.49, -20366.20, -4692.70, -13934.79, 0.77, 3.13, 1.29, -4.79, 0.97, 0.14, 1.06, 2.06, -0.00, 0.08, -307.94, 4.20, 1.14, -1.02, 0.59, 0.12, 0.89, 0.15, 0.54, 0.36, 0.02, -39542.92, 0.62, -436935.00, 0.02, -1948.53, 1.13, 0.08, 1.09, 0.05, 93.3317, 11.7519, 3.4530, -40.9132, 125.8574, 16.0970, -8.0721, 7.4716, 15.3423, 0.3543, 15.7869, 9.1153, -5511789.0000, 0.9361, 1.2617, 12.9550, 20.0846, 164657.7031, -611.4379, 1186091.1250, 14.2467, -0.0000, 23.4498, -5208596.0000, 0.4725, 0.8933, 1.2466, -2.1759, -19.4815, 0.1069, 0.5880, 0.3366, 0
263.5760, 0.86, 2.13, 0.50, -42562.51, 0.16, 3.35, -200.46, -2.09, -1.58, 2.74, 0.74, 3.49, 0.73, -1.92, 0.27, 4.29, 0.76, 12.19, 1.24, 0.07, -38943.04, 3.29, 0.38, 3.35, 0.50, 0.07, 633.91, 0.10, 1.01, 0.20, 0.47, -3390.80, -781.56, -2318.66, 0.77, 2.95, 1.30, -5.20, 0.97, 0.14, 1.06, 2.06, -0.00, 0.06, -50.59, 3.92, 1.15, -1.12, 0.57, 0.17, 0.88, 0.16, 0.52, 0.36, 0.02, -6608.25, 0.63, -72826.08, 0.02, -323.87, 1.13, 0.08, 1.08, 0.09, 25.4352, 11.3035, 3.5662, -12.8710, 29.5706, 16.7015, -9.0790, 7.6217, 15.0463, 0.5986, 16.8031, 8.7947, -918631.2500, 0.8159, 1.3082, 13.1100, 19.8024, 27455.0781, -139.2525, 197682.5625, 14.2279, -0.0000, 22.4122, -868106.3750, 0.6365, 0.9114, 1.2249, -2.1834, -18.0751, 0.1230, 0.5876, 0.6420, 0
268.1870, 0.86, 2.07, 0.50, -7090.82, 0.16, 3.19, -32.77, -1.61, 0.22, 2.77, 0.73, 3.43, 0.74, -1.92, 0.27, 4.18, 0.75, 4.58, 1.24, 0.08, -6489.87, 3.27, 0.37, 3.57, 0.48, 0.11, 106.66, 0.10, 1.01, 0.20, 0.48, -561.65, -129.72, -382.68, 0.76, 3.08, 1.31, -5.67, 0.97, 0.14, 1.06, 2.09, -0.00, 0.06, -7.68, 3.80, 1.16, -1.32, 0.56, 0.13, 0.89, 0.14, 0.51, 0.39, 0.02, -1119.18, 0.63, -12141.21, 0.02, -53.13, 1.14, 0.10, 1.08, 0.10, 13.8393, 11.5021, 3.3183, -8.4675, 13.6119, 16.2257, -9.2227, 7.4021, 14.8541, 0.6394, 16.4065, 8.7169, -153104.8906, 0.7896, 1.3144, 13.1704, 19.2974, 4588.7060, -64.3270, 32947.8242, 14.4549, -0.0000, 22.1349, -144692.9843, 0.4717, 0.8264, 1.3082, -2.2797, -17.5974, 0.1127, 0.7156, 0.6924, 0
272.7970, 0.85, 2.30, 0.50, -1178.87, 0.15, 3.03, -4.81, -2.35, 0.52, 2.58, 0.71, 3.44, 0.75, -1.89, 0.27, 3.93, 0.74, 3.46, 1.24, 0.10, -1081.01, 3.14, 0.38, 3.91, 0.49, 0.09, 18.77, 0.07, 1.02, 0.20, 0.48, -90.41, -21.09, -59.75, 0.76, 3.16, 1.32, -6.21, 0.97, 0.16, 1.06, 2.03, -0.00, 0.04, -0.52, 3.90, 1.17, -1.69, 0.55, 0.15, 0.90, 0.12, 0.50, 0.38, 0.02, -204.33, 0.63, -2027.10, 0.02, -8.04, 1.15, 0.07, 1.07, 0.12, 13.0694, 11.5196, 2.9698, -11.9615, 10.2030, 15.9869, -9.1850, 6.9150, 15.3790, 0.7810, 15.5665, 9.6321, -25517.2695, 0.5201, 1.3274, 12.2872, 20.0502, 777.9605, -56.2224, 5492.1445, 14.0233, -0.0000, 22.9747, -24126.7343, 0.5546, 0.7247, 1.2409, -2.2033, -17.6555, 0.1120, 0.4937, 0.8097, 0
277.4050, 0.86, 2.43, 0.50, -193.83, 0.16, 3.34, -0.16, -2.61, 0.56, 2.46, 0.72, 3.77, 0.75, -2.16, 0.26, 3.99, 0.74, 3.34, 1.24, 0.05, -179.55, 3.42, 0.39, 3.84, 0.48, 0.06, 4.13, 0.09, 1.02, 0.15, 0.47, -11.70, -2.97, -5.81, 0.76, 2.73, 1.34, -6.64, 0.97, 0.11, 1.06, 1.89, -0.00, 0.04, 0.67, 3.70, 1.19, -1.96, 0.56, 0.14, 0.89, 0.12, 0.49, 0.43, 0.02, -51.84, 0.63, -341.28, 0.02, -0.44, 1.16, 0.08, 1.06, 0.10, 13.6426, 10.5813, 3.4397, -13.1971, 9.1848, 17.7408, -10.5627, 6.7681, 15.9585, 0.4000, 16.6502, 9.7552, -4252.7231, 0.7403, 0.9978, 12.3682, 20.9665, 140.5978, -58.1912, 915.8836, 13.0310, -0.0000, 21.8360, -4034.1425, 0.5174, 0.6989, 1.3619, -2.0965, -16.8997, 0.1305, 0.5865, 0.7079, 0
282.0130, 0.86, 2.17, 0.49, -29.27, 0.17, 3.06, 0.62, -2.67, 0.57, 2.69, 0.72, 3.38, 0.74, -1.89, 0.27, 3.96, 0.74, 3.14, 1.24, 0.04, -29.29, 3.17, 0.38, 3.82, 0.47, 0.08, 1.70, 0.10, 1.01, 0.21, 0.48, 1.35, 0.04, 2.82, 0.76, 3.12, 1.35, -7.17, 0.97, 0.13, 1.06, 2.06, -0.00, 0.02, 0.86, 3.98, 1.20, -2.18, 0.55, 0.17, 0.88, 0.22, 0.48, 0.42, 0.02, -26.44, 0.61, -60.13, 0.02, 0.76, 1.17, 0.08, 1.05, 0.08, 12.1533, 11.4255, 3.3685, -13.4985, 10.0897, 15.9272, -9.1414, 6.9475, 15.0057, 0.3365, 15.6073, 9.4762, -708.5835, 0.7828, 1.3725, 12.4689, 19.2449, 36.6912, -63.0002, 153.3837, 14.2462, -0.0000, 23.2855, -686.8131, 0.6206, 1.2592, 1.3300, -2.2652, -15.7235, 0.1129, 0.6066, 0.5706, 0
286.6200, 0.87, 2.21, 0.49, -2.16, 0.16, 3.39, 0.76, -2.89, 0.57, 2.62, 0.71, 3.75, 0.74, -2.13, 0.26, 4.13, 0.74, 3.21, 1.25, 0.07, -4.26, 3.45, 0.39, 3.65, 0.48, 0.10, 1.31, 0.12, 1.01, 0.17, 0.47, 3.69, 0.55, 4.49, 0.76, 2.74, 1.36, -7.63, 0.97, 0.16, 1.06, 1.93, -0.00, 0.05, 0.90, 3.65, 1.19, -2.01, 0.54, 0.18, 0.87, 0.19, 0.47, 0.45, 0.02, -22.22, 0.60, -13.19, 0.02, 1.03, 1.17, 0.06, 1.04, 0.10, 12.4976, 10.5575, 3.5433, -14.8108, 9.6671, 17.3862, -10.2687, 6.9984, 15.4932, 0.5998, 16.7223, 9.2868, -117.8368, 0.9305, 1.1043, 12.6852, 20.2663, 17.1385, -67.4609, 26.4056, 13.2727, -0.0000, 21.5098, -127.2068, 0.6263, 1.0531, 1.3976, -2.2956, -14.9982, 0.1260, 0.4829, 0.6550, 0
291.2260, 0.86, 2.87, 0.50, 2.52, 0.17, 2.98, 0.77, -2.62, 0.57, 2.49, 0.71, 3.52, 0.73, -1.69, 0.27, 3.87, 0.74, 3.23, 1.25, 0.05, -0.09, 3.14, 0.38, 3.96, 0.49, 0.08, 1.25, 0.10, 1.00, 0.23, 0.48, 3.77, 0.62, 4.81, 0.76, 3.07, 1.37, -8.14, 0.97, 0.13, 1.05, 2.17, -0.00, 0.06, 0.90, 4.06, 1.18, -1.77, 0.53, 0.16, 0.86, 0.23, 0.47, 0.38, 0.01, -21.55, 0.59, -5.21, 0.02, 0.99, 1.18, 0.04, 1.04, 0.12, 16.0623, 11.2145, 3.2918, -13.2721, 9.2956, 16.3194, -8.0119, 6.7946, 15.4856, 0.3718, 15.2138, 9.8281, -19.4249, 0.8269, 1.4840, 12.0485, 20.3089, 15.8677, -72.6157, 5.0322, 14.8040, -0.0000, 23.7010, -32.1694, 0.5596, 1.2869, 1.1547, -1.9324, -14.0080, 0.1100, 0.3378, 0.7904, 0
295.8320, 0.87, 2.61, 0.49, 3.39, 0.18, 3.13, 0.78, -2.74, 0.57, 2.80, 0.72, 3.37, 0.72, -1.61, 0.26, 4.16, 0.74, 3.01, 1.25, 0.06, 0.62, 3.27, 0.39, 3.69, 0.50, 0.08, 1.25, 0.10, 1.00, 0.22, 0.47, 4.19, 0.65, 4.55, 0.76, 3.18, 1.38, -8.66, 0.97, 0.12, 1.04, 2.50, -0.00, 0.01, 0.90, 3.86, 1.17, -1.34, 0.51, 0.19, 0.84, 0.27, 0.46, 0.41, 0.02, -21.39, 0.58, -3.75, 0.02, 1.01, 1.20, 0.06, 1.05, 0.10, 14.7503, 11.3184, 3.6707, -13.8595, 10.3221, 15.8476, -7.5449, 7.0577, 14.5239, 0.4698, 16.1082, 9.3887, -3.0187, 0.8170, 1.4390, 12.9400, 19.3111, 15.7221, -77.8443, 1.4699, 16.8421, -0.0000, 22.5262, -13.3083, 0.6474, 1.4905, 1.2387, -2.1456, -13.1536, 0.1157, 0.4464, 0.6989, 0
300.4380, 0.86, 3.00, 0.50, 3.21, 0.17, 3.31, 0.77, -1.47, 0.56, 2.40, 0.71, 3.71, 0.72, -1.77, 0.26, 4.01, 0.73, 3.35, 1.26, 0.09, 0.73, 3.36, 0.40, 3.85, 0.52, 0.08, 1.24, 0.12, 1.00, 0.19, 0.47, 4.00, 0.64, 4.96, 0.76, 2.83, 1.37, -8.38, 0.97, 0.12, 1.03, 2.23, -0.00, 0.02, 0.91, 3.73, 1.15, -1.12, 0.50, 0.18, 0.85, 0.23, 0.45, 0.42, 0.02, -21.40, 0.57, -3.56, 0.02, 1.05, 1.21, 0.06, 1.03, 0.10, 16.8110, 10.5761, 3.7217, -7.3806, 8.8260, 17.2669, -8.2437, 6.7640, 15.9975, 0.7658, 16.3798, 10.0449, -0.2781, 0.9440, 1.2148, 12.2897, 20.7278, 14.0443, -74.9417, 0.8762, 15.0287, -0.0000, 21.9580, -8.9687, 0.5969, 1.2682, 1.2282, -2.1850, -12.9999, 0.1291, 0.4681, 0.6764, 0
305.0430, 0.86, 2.42, 0.49, 3.52, 0.18, 3.00, 0.76, -1.10, 0.55, 2.63, 0.72, 3.37, 0.71, -1.44, 0.27, 3.90, 0.73, 3.18, 1.27, 0.07, 0.75, 3.11, 0.39, 3.91, 0.51, 0.08, 1.23, 0.09, 0.99, 0.23, 0.48, 3.95, 0.64, 4.69, 0.75, 3.24, 1.36, -8.00, 0.98, 0.15, 1.02, 2.52, -0.00, 0.00, 0.90, 4.04, 1.14, -1.00, 0.51, 0.15, 0.84, 0.30, 0.46, 0.37, 0.02, -21.37, 0.55, -3.28, 0.02, 0.98, 1.20, 0.08, 1.04, 0.08, 13.5199, 11.2811, 3.5249, -5.4010, 9.4935, 15.8480, -6.6578, 6.8457, 15.1714, 0.5401, 15.3155, 10.0365, 0.1724, 0.6907, 1.4858, 12.4032, 19.5709, 15.9090, -70.9966, 0.9960, 16.8123, -0.0000, 23.6168, -7.5615, 0.4885, 1.6728, 1.1046, -2.2811, -11.8156, 0.1085, 0.5989, 0.5669, 0
309.6490, 0.87, 2.14, 0.49, 3.49, 0.19, 3.18, 0.75, -1.45, 0.54, 2.86, 0.73, 3.39, 0.71, -1.64, 0.26, 4.25, 0.74, 3.01, 1.26, 0.08, 0.75, 3.37, 0.40, 3.63, 0.52, 0.08, 1.22, 0.10, 0.99, 0.21, 0.47, 4.21, 0.65, 4.55, 0.75, 3.07, 1.35, -7.52, 0.98, 0.14, 1.01, 2.72, -0.00, 0.07, 0.90, 3.79, 1.13, -0.75, 0.52, 0.19, 0.83, 0.35, 0.45, 0.41, 0.02, -21.39, 0.54, -3.11, 0.02, 1.01, 1.19, 0.06, 1.04, 0.11, 12.0650, 11.1172, 4.0074, -7.1217, 10.1115, 16.1988, -7.5422, 7.2064, 14.5525, 0.6343, 16.4091, 9.5113, 0.2537, 0.7760, 1.3190, 12.9296, 19.2592, 15.0752, -66.2566, 0.9118, 17.9634, -0.0000, 22.1410, -5.5444, 0.6491, 1.9006, 1.2059, -2.2068, -11.0379, 0.1108, 0.4857, 0.7679, 0
314.2550, 0.86, 2.46, 0.50, 3.25, 0.20, 3.08, 0.74, -1.01, 0.55, 2.46, 0.73, 3.68, 0.69, -1.41, 0.27, 3.84, 0.74, 3.30, 1.25, 0.05, 0.74, 3.38, 0.39, 3.89, 0.53, 0.10, 1.21, 0.10, 1.00, 0.20, 0.47, 3.88, 0.64, 4.97, 0.76, 2.85, 1.34, -7.09, 0.97, 0.14, 1.01, 2.50, -0.00, 0.06, 0.89, 3.98, 1.12, -0.68, 0.51, 0.18, 0.83, 0.29, 0.44, 0.39, 0.02, -21.37, 0.53, -3.02, 0.02, 1.02, 1.18, 0.08, 1.03, 0.12, 13.7545, 10.5973, 4.1009, -4.8954, 8.8204, 17.3991, -6.3582, 6.7583, 15.8069, 0.3755, 16.1956, 9.9906, 0.3287, 0.7830, 1.3031, 11.9479, 20.8095, 14.1354, -61.9287, 0.8884, 16.5077, -0.0000, 22.9442, -4.9258, 0.6092, 1.5782, 1.1030, -2.0979, -10.4513, 0.1200, 0.5914, 0.7941, 0
318.8600, 0.86, 2.33, 0.49, 3.46, 0.22, 2.88, 0.73, -0.87, 0.54, 2.76, 0.73, 3.35, 0.68, -1.10, 0.28, 3.87, 0.73, 3.15, 1.25, 0.11, 0.74, 3.13, 0.38, 3.95, 0.53, 0.08, 1.20, 0.10, 0.99, 0.22, 0.48, 3.90, 0.64, 4.71, 0.75, 3.22, 1.33, -6.68, 0.96, 0.12, 1.00, 2.82, -0.00, 0.01, 0.88, 4.26, 1.11, -0.41, 0.50, 0.18, 0.82, 0.37, 0.43, 0.41, 0.01, -21.38, 0.52, -2.82, 0.02, 0.97, 1.18, 0.08, 1.02, 0.12, 13.0107, 11.0568, 4.0810, -4.1563, 9.7646, 16.0056, -4.9061, 7.0612, 15.0601, 0.8803, 15.1523, 9.8548, 0.2840, 0.7779, 1.3974, 12.2413, 19.6961, 15.8427, -57.8971, 0.7710, 18.3986, -0.0000, 24.2890, -2.9773, 0.5890, 1.9473, 1.1535, -2.0816, -9.5650, 0.1070, 0.6085, 0.7980, 0
323.4650, 0.87, 2.05, 0.49, 3.53, 0.21, 3.05, 0.74, -0.94, 0.53, 3.04, 0.75, 3.26, 0.68, -1.25, 0.27, 4.10, 0.74, 2.94, 1.25, 0.12, 0.74, 3.32, 0.39, 3.67, 0.53, 0.05, 1.20, 0.08, 1.00, 0.22, 0.47, 4.17, 0.65, 4.50, 0.75, 3.19, 1.32, -6.21, 0.97, 0.14, 0.99, 3.07, -0.00, 0.02, 0.87, 4.06, 1.10, -0.15, 0.51, 0.16, 0.81, 0.36, 0.42, 0.44, 0.02, -21.38, 0.51, -2.67, 0.02, 0.99, 1.18, 0.06, 1.02, 0.12, 11.6275, 11.2391, 4.1362, -4.5681, 10.5282, 15.8244, -5.5517, 7.2587, 14.2110, 0.9629, 15.9071, 9.3650, 0.1619, 0.6526, 1.4245, 12.8197, 19.0672, 15.6364, -53.3388, 0.8649, 19.7989, -0.0000, 23.0921, -1.0900, 0.5435, 1.8995, 1.1776, -2.1715, -8.8626, 0.1043, 0.4842, 0.7991, 0
328.0700, 0.86, 2.08, 0.50, 3.44, 0.20, 3.24, 0.75, -1.96, 0.53, 3.07, 0.74, 3.46, 0.69, -1.54, 0.26, 4.30, 0.74, 3.01, 1.25, 0.09, 0.73, 3.49, 0.40, 3.55, 0.54, 0.02, 1.21, 0.11, 1.01, 0.19, 0.46, 4.34, 0.66, 4.42, 0.76, 3.00, 1.31, -5.69, 0.96, 0.14, 0.98, 3.19, -0.00, 0.00, 0.88, 3.78, 1.08, 0.02, 0.50, 0.21, 0.80, 0.41, 0.40, 0.49, 0.02, -21.33, 0.50, -2.53, 0.02, 1.00, 1.16, 0.03, 1.02, 0.10, 11.6313, 11.2041, 4.1435, -9.6107, 10.5980, 16.6048, -6.9327, 7.3033, 14.3964, 0.7053, 16.4709, 9.2538, 0.0858, 0.9009, 1.2254, 13.0769, 18.9986, 14.8972, -48.3836, 0.8723, 20.3588, -0.0000, 21.7300, 0.1709, 0.6874, 2.1264, 1.2857, -2.1827, -8.1862, 0.1085, 0.2067, 0.6884, 0
332.6750, 0.85, 2.25, 0.51, 3.27, 0.19, 3.42, 0.75, -2.09, 0.53, 2.93, 0.73, 3.63, 0.70, -1.71, 0.26, 4.28, 0.72, 3.12, 1.27, 0.03, 0.71, 3.58, 0.41, 3.49, 0.55, 0.07, 1.23, 0.12, 1.01, 0.13, 0.46, 4.29, 0.65, 4.64, 0.77, 2.80, 1.30, -5.25, 0.95, 0.12, 0.98, 3.05, -0.00, 0.05, 0.90, 3.58, 1.07, 0.14, 0.49, 0.22, 0.80, 0.30, 0.39, 0.48, 0.02, -21.32, 0.49, -2.45, 0.02, 1.00, 1.15, 0.10, 1.02, 0.13, 12.4157, 10.8893, 4.1243, -10.2720, 10.0953, 17.1529, -7.8178, 7.2263, 14.6875, 0.2550, 16.6287, 9.4198, 0.2539, 0.9502, 0.8636, 12.8695, 19.7300, 14.1220, -44.3150, 0.7610, 19.4192, -0.0000, 20.8534, 0.9576, 0.6989, 1.5793, 1.2267, -2.0916, -7.7644, 0.1139, 0.7850, 0.8913, 0
337.2800, 0.84, 2.52, 0.52, 3.10, 0.18, 3.37, 0.75, -1.22, 0.54, 2.60, 0.72, 3.80, 0.69, -1.62, 0.27, 4.11, 0.71, 3.37, 1.26, 0.02, 0.71, 3.55, 0.41, 3.73, 0.54, 0.06, 1.24, 0.09, 1.00, 0.19, 0.47, 4.03, 0.64, 4.99, 0.79, 2.60, 1.28, -4.81, 0.93, 0.17, 0.99, 2.71, -0.00, 0.08, 0.91, 3.61, 1.07, -0.06, 0.49, 0.22, 0.82, 0.27, 0.38, 0.50, 0.02, -21.37, 0.47, -2.39, 0.02, 1.05, 1.15, 0.07, 1.02, 0.12, 13.7566, 10.5615, 4.0063, -5.9106, 9.1530, 17.7513, -7.3043, 7.2345, 15.6234, 0.1784, 16.4396, 9.8657, 0.2178, 0.6979, 1.2272, 12.3430, 20.9327, 13.3390, -40.2167, 1.0362, 17.3949, -0.0000, 21.3016, -0.4211, 0.7008, 1.4200, 1.2330, -2.2664, -7.3710, 0.1148, 0.5058, 0.8152, 0
341.8850, 0.83, 2.67, 0.54, 3.15, 0.19, 3.11, 0.74, -0.70, 0.55, 2.38, 0.72, 3.75, 0.68, -1.30, 0.28, 3.80, 0.70, 3.43, 1.25, 0.07, 0.71, 3.34, 0.40, 3.99, 0.53, 0.06, 1.25, 0.11, 0.99, 0.23, 0.48, 3.76, 0.63, 5.11, 0.80, 2.67, 1.27, -4.45, 0.93, 0.15, 1.00, 2.53, -0.00, 0.08, 0.90, 3.87, 1.06, -0.04, 0.48, 0.24, 0.81, 0.36, 0.38, 0.43, 0.02, -21.40, 0.46, -2.27, 0.02, 1.02, 1.16, 0.08, 1.01, 0.10, 14.3827, 11.0149, 3.9293, -3.3688, 8.5514, 17.4628, -5.8038, 6.9439, 15.6616, 0.5693, 15.4523, 10.2632, 0.2082, 0.9319, 1.4920, 11.7986, 21.0096, 13.8748, -36.8624, 0.8831, 16.4910, -0.0000, 22.6320, -0.3004, 0.7387, 1.9007, 1.0695, -2.2049, -6.8312, 0.1201, 0.5900, 0.6853, 0
346.4910, 0.83, 2.60, 0.53, 3.37, 0.21, 2.89, 0.72, -0.53, 0.54, 2.66, 0.72, 3.44, 0.67, -0.90, 0.29, 3.68, 0.70, 3.29, 1.24, 0.08, 0.72, 3.11, 0.39, 3.96, 0.52, 0.06, 1.26, 0.10, 0.98, 0.22, 0.49, 3.76, 0.63, 4.84, 0.79, 2.96, 1.26, -4.08, 0.94, 0.12, 0.99, 2.84, -0.00, 0.01, 0.89, 4.13, 1.05, 0.26, 0.48, 0.22, 0.80, 0.41, 0.38, 0.39, 0.01, -21.38, 0.45, -2.11, 0.02, 0.97, 1.17, 0.06, 1.02, 0.13, 13.9496, 11.6268, 3.8670, -2.5148, 9.4257, 16.1950, -3.9438, 6.9943, 14.9864, 0.6345, 14.6028, 10.1583, 0.2034, 0.8423, 1.4143, 12.1089, 19.8394, 15.2460, -33.4440, 0.7560, 18.3016, -0.0000, 23.8460, 1.7666, 0.6924, 2.1302, 0.9568, -2.0079, -6.1873, 0.1070, 0.4811, 0.8913, 0
351.0950, 0.83, 2.23, 0.52, 3.46, 0.22, 3.05, 0.72, -0.96, 0.53, 3.04, 0.73, 3.31, 0.67, -1.05, 0.28, 4.15, 0.71, 2.96, 1.25, 0.05, 0.71, 3.33, 0.40, 3.69, 0.53, 0.08, 1.28, 0.08, 0.98, 0.20, 0.49, 4.16, 0.64, 4.52, 0.78, 3.11, 1.25, -3.58, 0.94, 0.12, 0.98, 3.12, -0.00, 0.00, 0.89, 3.89, 1.04, 0.63, 0.48, 0.19, 0.78, 0.45, 0.37, 0.46, 0.01, -21.36, 0.44, -1.89, 0.02, 1.00, 1.17, 0.11, 1.02, 0.11, 12.1096, 11.6437, 4.3293, -4.4821, 10.5306, 15.7887, -4.5766, 7.6713, 13.6700, 0.3787, 15.5154, 9.6656, 0.2636, 0.6951, 1.2956, 13.1613, 18.8588, 15.7824, -29.1433, 0.7416, 19.9387, -0.0000, 22.4659, 4.2317, 0.5820, 2.3075, 1.1109, -1.9730, -5.3935, 0.1043, 0.8390, 0.7038, 0
355.7010, 0.83, 2.44, 0.53, 3.21, 0.21, 3.31, 0.71, -0.74, 0.53, 2.79, 0.73, 3.72, 0.68, -1.43, 0.28, 4.16, 0.70, 3.26, 1.27, 0.06, 0.70, 3.57, 0.41, 3.65, 0.53, 0.06, 1.27, 0.10, 0.99, 0.18, 0.48, 4.13, 0.63, 4.85, 0.79, 2.75, 1.24, -3.13, 0.96, 0.14, 0.98, 2.90, -0.00, 0.03, 0.90, 3.51, 1.03, 0.72, 0.47, 0.20, 0.78, 0.41, 0.36, 0.49, 0.02, -21.36, 0.43, -1.85, 0.02, 1.05, 1.17, 0.07, 1.02, 0.08, 13.1126, 10.9869, 4.4783, -3.4375, 9.5995, 17.5670, -6.3055, 7.6606, 14.8958, 0.4756, 16.3425, 9.8509, 0.2158, 0.8033, 1.1815, 13.0205, 19.9794, 14.1085, -25.2477, 0.8528, 18.5120, -0.0000, 20.4898, 4.8289, 0.6022, 2.0824, 1.1465, -2.1522, -5.1335, 0.1230, 0.5190, 0.5621, 0
360.3060, 0.81, 2.74, 0.54, 3.14, 0.22, 3.05, 0.70, -0.37, 0.54, 2.50, 0.72, 3.72, 0.67, -1.12, 0.29, 3.83, 0.69, 3.44, 1.28, 0.04, 0.70, 3.45, 0.41, 3.91, 0.52, 0.08, 1.28, 0.12, 1.00, 0.20, 0.50, 3.84, 0.62, 5.03, 0.80, 2.63, 1.23, -2.84, 0.97, 0.12, 0.99, 2.70, -0.00, 0.07, 0.89, 3.84, 1.03, 0.52, 0.45, 0.20, 0.77, 0.43, 0.36, 0.43, 0.02, -21.33, 0.42, -1.77, 0.02, 1.01, 1.16, 0.08, 1.03, 0.10, 14.5282, 10.9388, 4.3347, -1.7058, 8.7766, 17.5484, -4.8975, 7.2923, 15.4357, 0.3574, 15.7201, 10.3323, 0.2610, 0.9667, 1.2818, 12.3837, 20.3147, 13.6550, -22.6729, 0.7749, 17.3637, -0.0000, 22.1781, 3.4797, 0.5899, 2.1876, 1.0004, -2.2712, -4.7989, 0.1241, 0.5881, 0.6562, 0
