Voltage Range (V): ,0.9,None,None,None,None,None,None,None,None,None,None,None,None,None,None,None,None,None,None,None,None,None,None,None,None,None,None,None,None,None,None,None,None,None,None,None,None,None,None,None,None,None,None,None,None,None,None,None,None,None,None,None,None,None,None,None,None,None,None,None,None,None,None,None,None,None,None,None,None,None,None,None,None,None,None,None,None,None,None,None,None,None,None,None,None,None,None,None,None,None,None,None,None,None,None,None,None
Voltage Step Size (V): ,0.01,None,None,None,None,None,None,None,None,None,None,None,None,None,None,None,None,None,None,None,None,None,None,None,None,None,None,None,None,None,None,None,None,None,None,None,None,None,None,None,None,None,None,None,None,None,None,None,None,None,None,None,None,None,None,None,None,None,None,None,None,None,None,None,None,None,None,None,None,None,None,None,None,None,None,None,None,None,None,None,None,None,None,None,None,None,None,None,None,None,None,None,None,None,None,None,None
Voltage Read Count: ,5,None,None,None,None,None,None,None,None,None,None,None,None,None,None,None,None,None,None,None,None,None,None,None,None,None,None,None,None,None,None,None,None,None,None,None,None,None,None,None,None,None,None,None,None,None,None,None,None,None,None,None,None,None,None,None,None,None,None,None,None,None,None,None,None,None,None,None,None,None,None,None,None,None,None,None,None,None,None,None,None,None,None,None,None,None,None,None,None,None,None,None,None,None,None,None,None
Voltage Delay Time (ms): ,20,None,None,None,None,None,None,None,None,None,None,None,None,None,None,None,None,None,None,None,None,None,None,None,None,None,None,None,None,None,None,None,None,None,None,None,None,None,None,None,None,None,None,None,None,None,None,None,None,None,None,None,None,None,None,None,None,None,None,None,None,None,None,None,None,None,None,None,None,None,None,None,None,None,None,None,None,None,None,None,None,None,None,None,None,None,None,None,None,None,None,None,None,None,None,None,None
Voltage Measurement Time (Hrs): ,6,None,None,None,None,None,None,None,None,None,None,None,None,None,None,None,None,None,None,None,None,None,None,None,None,None,None,None,None,None,None,None,None,None,None,None,None,None,None,None,None,None,None,None,None,None,None,None,None,None,None,None,None,None,None,None,None,None,None,None,None,None,None,None,None,None,None,None,None,None,None,None,None,None,None,None,None,None,None,None,None,None,None,None,None,None,None,None,None,None,None,None,None,None,None,None,None
Start Date: ,Apr-25-2023 15_32_57,None,None,None,None,None,None,None,None,None,None,None,None,None,None,None,None,None,None,None,None,None,None,None,None,None,None,None,None,None,None,None,None,None,None,None,None,None,None,None,None,None,None,None,None,None,None,None,None,None,None,None,None,None,None,None,None,None,None,None,None,None,None,None,None,None,None,None,None,None,None,None,None,None,None,None,None,None,None,None,None,None,None,None,None,None,None,None,None,None,None,None,None,None,None,None,None
Time,Pixel 0_0 V,Pixel 0_0 mA,Pixel 0_1 V,Pixel 0_1 mA,Pixel 0_2 V,Pixel 0_2 mA,Pixel 0_3 V,Pixel 0_3 mA,Pixel 0_4 V,Pixel 0_4 mA,Pixel 0_5 V,Pixel 0_5 mA,Pixel 0_6 V,Pixel 0_6 mA,Pixel 0_7 V,Pixel 0_7 mA,Pixel 1_0 V,Pixel 1_0 mA,Pixel 1_1 V,Pixel 1_1 mA,Pixel 1_2 V,Pixel 1_2 mA,Pixel 1_3 V,Pixel 1_3 mA,Pixel 1_4 V,Pixel 1_4 mA,Pixel 1_5 V,Pixel 1_5 mA,Pixel 1_6 V,Pixel 1_6 mA,Pixel 1_7 V,Pixel 1_7 mA,Pixel 2_0 V,Pixel 2_0 mA,Pixel 2_1 V,Pixel 2_1 mA,Pixel 2_2 V,Pixel 2_2 mA,Pixel 2_3 V,Pixel 2_3 mA,Pixel 2_4 V,Pixel 2_4 mA,Pixel 2_5 V,Pixel 2_5 mA,Pixel 2_6 V,Pixel 2_6 mA,Pixel 2_7 V,Pixel 2_7 mA,Pixel 3_0 V,Pixel 3_0 mA,Pixel 3_1 V,Pixel 3_1 mA,Pixel 3_2 V,Pixel 3_2 mA,Pixel 3_3 V,Pixel 3_3 mA,Pixel 3_4 V,Pixel 3_4 mA,Pixel 3_5 V,Pixel 3_5 mA,Pixel 3_6 V,Pixel 3_6 mA,Pixel 3_7 V,Pixel 3_7 mA,Pixel 0_0 PCE,Pixel 0_1 PCE,Pixel 0_2 PCE,Pixel 0_3 PCE,Pixel 0_4 PCE,Pixel 0_5 PCE,Pixel 0_6 PCE,Pixel 0_7 PCE,Pixel 1_0 PCE,Pixel 1_1 PCE,Pixel 1_2 PCE,Pixel 1_3 PCE,Pixel 1_4 PCE,Pixel 1_5 PCE,Pixel 1_6 PCE,Pixel 1_7 PCE,Pixel 2_0 PCE,Pixel 2_1 PCE,Pixel 2_2 PCE,Pixel 2_3 PCE,Pixel 2_4 PCE,Pixel 2_5 PCE,Pixel 2_6 PCE,Pixel 2_7 PCE,Pixel 3_0 PCE,Pixel 3_1 PCE,Pixel 3_2 PCE,Pixel 3_3 PCE,Pixel 3_4 PCE,Pixel 3_5 PCE,Pixel 3_6 PCE,Pixel 3_7 PCE,ARDUINOID
70.0940, 1.33, 0.58, 0.65, ovf, ovf, ovf, -72975.28, 3.15, ovf, ovf, ovf, 2.58, 0.73, ovf, 0.68, 2.11, ovf, 2.30, ovf, ovf, ovf, ovf, ovf, 2.68, ovf, ovf, ovf, ovf, ovf, 1.55, ovf, ovf, ovf, ovf, ovf, ovf, 0.50, -89478392.00, ovf, 2.29, ovf, ovf, 0.16, ovf, -42610300.00, 2.60, ovf, ovf, -83378040.00, ovf, 0.74, 2.35, 713550400.00, 498.28, 0.41, 2.47, ovf, ovf, nan, ovf, 0.37, ovf, 758791168.00, 3.44, ovf, ovf, 0.0114, 15.0758, ovf, nan, ovf, ovf, ovf, ovf, 0.9208, ovf, 13.5685, ovf, ovf, ovf, 150528.9531, 10.9081, ovf, ovf, ovf, ovf, ovf, ovf, inf, ovf, ovf, ovf, 0.2609, ovf, ovf, 3.7295, 0
74.6930, 0.23, 0.70, 0.75, ovf, ovf, ovf, -12161.84, 3.69, ovf, ovf, ovf, 3.00, 0.86, ovf, 0.79, 2.58, ovf, 2.60, ovf, ovf, ovf, ovf, ovf, 3.16, ovf, ovf, ovf, ovf, ovf, 2.09, ovf, ovf, ovf, ovf, ovf, ovf, 0.59, -14913065.00, ovf, 2.57, ovf, ovf, 0.48, ovf, -7101716.50, 3.02, ovf, ovf, -13896340.00, ovf, 0.86, 2.61, 118925064.00, 83.13, 0.76, 2.79, ovf, ovf, nan, ovf, 0.72, ovf, 126465192.00, 3.61, ovf, ovf, 0.0216, 19.8225, ovf, nan, ovf, ovf, ovf, ovf, 0.9519, ovf, 15.4822, ovf, ovf, ovf, 25098.3437, 12.1184, ovf, ovf, ovf, ovf, ovf, ovf, ovf, ovf, ovf, ovf, 0.3075, ovf, ovf, 1.9883, 0
79.2900, 0.05, 0.70, 0.77, ovf, ovf, ovf, -2026.29, 3.80, ovf, ovf, ovf, 2.93, 0.89, ovf, 0.81, 2.63, ovf, 2.63, ovf, ovf, ovf, ovf, ovf, 3.24, ovf, ovf, ovf, ovf, ovf, 2.25, ovf, ovf, ovf, ovf, ovf, ovf, 0.60, -2485508.75, ovf, 2.49, ovf, ovf, 0.53, ovf, -1183618.87, 3.14, ovf, ovf, -2316055.75, ovf, 0.88, 2.62, 19820844.00, 13.92, 0.81, 2.88, ovf, ovf, nan, ovf, 0.78, ovf, 21077532.00, 3.68, ovf, ovf, 0.0264, 20.4395, ovf, nan, ovf, ovf, ovf, ovf, 1.0602, ovf, 15.9078, ovf, ovf, ovf, 4193.1831, 12.2239, ovf, ovf, ovf, ovf, ovf, ovf, ovf, ovf, ovf, ovf, 0.3200, ovf, ovf, 1.7371, 0
83.8870, 0.02, 0.70, 0.78, ovf, ovf, ovf, -337.03, 3.82, ovf, ovf, ovf, 2.92, 0.90, ovf, 0.81, 2.64, ovf, 2.64, ovf, ovf, ovf, ovf, ovf, 3.26, ovf, ovf, ovf, ovf, ovf, 2.36, ovf, ovf, ovf, ovf, ovf, ovf, 0.60, -414249.62, ovf, 2.33, ovf, ovf, 0.54, ovf, -197269.06, 3.14, ovf, ovf, -386008.53, ovf, 0.89, 2.64, 3303474.00, 2.37, 0.80, 2.91, 741882816.00, ovf, nan, ovf, 0.79, ovf, 3512922.00, 3.66, ovf, ovf, 0.0293, 20.3101, ovf, nan, ovf, ovf, ovf, ovf, 1.0684, ovf, 15.7167, ovf, ovf, ovf, 708.6461, 12.0472, ovf, ovf, ovf, ovf, ovf, ovf, ovf, ovf, ovf, ovf, 0.1440, ovf, ovf, 1.6964, 0
88.4850, 0.01, 0.72, 0.78, ovf, ovf, ovf, -55.50, 3.84, ovf, ovf, ovf, 2.90, 0.92, ovf, 0.81, 2.56, ovf, 2.61, ovf, ovf, ovf, ovf, ovf, 3.31, ovf, ovf, ovf, ovf, ovf, 2.41, ovf, ovf, ovf, ovf, ovf, ovf, 0.61, -69039.68, ovf, 2.24, ovf, ovf, 0.55, ovf, -32877.46, 3.22, ovf, ovf, -64334.03, ovf, 0.89, 2.61, 550580.00, 0.46, 0.79, 2.99, 123647136.00, ovf, nan, ovf, 0.79, ovf, 585487.00, 3.64, ovf, ovf, 0.0256, 20.1103, ovf, nan, ovf, ovf, ovf, ovf, 0.9494, ovf, 15.3844, ovf, ovf, ovf, 127.9892, 11.7771, ovf, ovf, ovf, ovf, ovf, ovf, ovf, ovf, ovf, ovf, 0.4849, ovf, ovf, 1.6662, 0
93.0820, 0.01, 0.72, 0.78, ovf, ovf, ovf, -8.59, 3.87, ovf, ovf, ovf, 2.93, 0.93, ovf, 0.81, 2.59, ovf, 2.60, ovf, ovf, ovf, ovf, ovf, 3.32, -2256477696.00, ovf, ovf, ovf, ovf, 2.50, ovf, ovf, ovf, ovf, ovf, ovf, 0.60, -11504.71, -1212803072.00, 2.11, ovf, ovf, 0.55, ovf, -5478.86, 3.24, ovf, ovf, -10721.63, ovf, 0.89, 2.58, 91764.21, 0.11, 0.78, 3.00, 20607856.00, ovf, nan, ovf, 0.79, ovf, 97581.23, 3.62, ovf, ovf, 0.0208, 20.0154, ovf, nan, ovf, ovf, ovf, ovf, 1.1379, ovf, 15.2982, ovf, ovf, ovf, 31.1062, 11.8834, ovf, ovf, ovf, ovf, ovf, ovf, ovf, ovf, ovf, ovf, 0.2678, ovf, ovf, 1.6060, 0
97.6790, 0.01, 0.70, 0.78, ovf, ovf, ovf, -0.78, 3.88, ovf, ovf, ovf, 2.92, 0.94, ovf, 0.81, 2.58, ovf, 2.58, ovf, ovf, ovf, ovf, ovf, 3.35, -376079616.00, ovf, ovf, ovf, ovf, 2.55, ovf, ovf, ovf, ovf, ovf, ovf, 0.60, -1915.52, -202133840.00, 2.05, ovf, ovf, 0.55, ovf, -912.44, 3.24, ovf, ovf, -1786.24, ovf, 0.89, 2.56, 15294.95, 0.07, 0.77, 3.00, 3434642.75, ovf, nan, ovf, 0.79, ovf, 16263.59, 3.62, ovf, ovf, 0.0273, 19.7475, ovf, nan, ovf, ovf, -3905619968.0000, ovf, 0.9417, ovf, 15.1551, ovf, ovf, ovf, 14.8278, 11.7261, ovf, ovf, ovf, ovf, ovf, ovf, ovf, ovf, ovf, ovf, 0.0446, ovf, ovf, 1.5960, 0
102.2780, 0.01, 0.70, 0.78, ovf, ovf, ovf, 0.51, 3.90, ovf, ovf, ovf, 2.95, 0.95, ovf, 0.81, 2.56, ovf, 2.55, ovf, ovf, ovf, ovf, ovf, 3.34, -62679936.00, ovf, ovf, ovf, ovf, 2.59, ovf, ovf, ovf, ovf, ovf, ovf, 0.61, -317.32, -33688972.00, 1.96, ovf, ovf, 0.55, ovf, -151.38, 3.27, ovf, ovf, -297.02, ovf, 0.89, 2.51, 2550.08, 0.09, 0.76, 3.00, 572441.18, ovf, nan, ovf, 0.79, ovf, 2710.65, 3.60, ovf, ovf, 0.0273, 19.5497, ovf, nan, ovf, ovf, -650936704.0000, ovf, 0.7944, -2617602304.0000, 15.0145, ovf, -2187948544.0000, ovf, 12.0678, 11.5534, ovf, ovf, ovf, ovf, ovf, ovf, ovf, ovf, ovf, ovf, 0.1991, ovf, ovf, 1.5715, 0
106.8780, 0.01, 0.70, 0.78, ovf, ovf, ovf, 0.72, 3.92, ovf, ovf, ovf, 2.89, 0.96, ovf, 0.81, 2.53, ovf, 2.57, ovf, ovf, ovf, ovf, ovf, 3.36, -10446656.00, ovf, ovf, ovf, ovf, 2.63, ovf, ovf, ovf, ovf, ovf, ovf, 0.60, -50.99, -5614828.50, 1.86, ovf, ovf, 0.55, ovf, -24.54, 3.31, ovf, ovf, -48.82, ovf, 0.89, 2.54, 425.95, 0.05, 0.74, 3.00, 95407.62, ovf, nan, ovf, 0.79, ovf, 451.83, 3.60, ovf, ovf, 0.0294, 19.3619, ovf, nan, ovf, ovf, -108489440.0000, ovf, 0.8662, -436267040.0000, 14.8295, ovf, -364658112.0000, ovf, 11.5484, 11.4262, ovf, ovf, ovf, ovf, ovf, ovf, ovf, ovf, ovf, ovf, 0.5191, ovf, ovf, 1.5830, 0
111.4780, 0.01, 0.70, 0.78, ovf, ovf, ovf, 0.74, 3.94, ovf, ovf, ovf, 2.93, 0.98, ovf, 0.81, 2.52, ovf, 2.58, ovf, ovf, ovf, ovf, ovf, 3.38, -1741108.37, ovf, ovf, ovf, ovf, 2.67, ovf, ovf, -2308919040.00, ovf, ovf, ovf, 0.60, -6.58, -935804.25, 1.76, ovf, ovf, 0.55, ovf, -3.42, 3.30, ovf, ovf, -7.47, ovf, 0.89, 2.51, 71.93, 0.04, 0.73, 3.02, 15902.03, ovf, nan, ovf, 0.79, ovf, 75.36, 3.58, ovf, ovf, 0.0267, 19.1394, ovf, nan, ovf, ovf, -18081566.0000, ovf, 0.8699, -72711184.0000, 14.5268, ovf, -60776352.0000, -977027712.0000, 11.1987, 11.2908, ovf, ovf, ovf, ovf, ovf, ovf, ovf, ovf, ovf, ovf, 0.2834, ovf, ovf, 1.5621, 0
116.0780, 0.01, 0.68, 0.78, ovf, ovf, ovf, 0.73, 3.96, ovf, ovf, ovf, 2.94, 0.99, ovf, 0.81, 2.50, ovf, 2.56, ovf, ovf, ovf, ovf, ovf, 3.38, -290184.09, ovf, ovf, ovf, ovf, 2.70, ovf, ovf, -384819840.00, ovf, ovf, ovf, 0.61, 0.82, -155966.68, 1.69, ovf, ovf, 0.55, ovf, 0.10, 3.35, ovf, ovf, -0.58, ovf, 0.89, 2.50, 12.94, 0.07, 0.72, 3.04, 2651.10, ovf, nan, ovf, 0.79, ovf, 12.62, 3.56, ovf, ovf, 0.0252, 18.9595, ovf, nan, ovf, ovf, -3013583.7500, ovf, 0.8601, -12118514.0000, 14.3857, ovf, -10129388.0000, -162837952.0000, 11.1877, 11.1270, ovf, ovf, ovf, ovf, ovf, ovf, ovf, ovf, ovf, ovf, 0.1472, ovf, ovf, 1.5514, 0
120.6770, 0.01, 0.70, 0.78, ovf, ovf, ovf, 0.72, 3.96, ovf, ovf, ovf, 2.96, 1.00, ovf, 0.81, 2.50, ovf, 2.54, ovf, ovf, ovf, ovf, ovf, 3.38, -48363.45, ovf, ovf, ovf, ovf, 2.73, ovf, ovf, -64136640.00, ovf, ovf, ovf, 0.61, 2.04, -25993.76, 1.58, ovf, ovf, 0.55, -753086016.00, 0.67, 3.36, ovf, ovf, 0.55, ovf, 0.89, 2.52, 3.12, 0.06, 0.71, 3.04, 442.63, ovf, nan, ovf, 0.79, ovf, 2.16, 3.58, ovf, ovf, 0.0280, 18.6373, ovf, nan, ovf, ovf, -502253.3750, ovf, 0.7496, -2019740.3750, 14.1199, ovf, -1688225.6250, -27139640.0000, 11.0733, 11.1168, ovf, ovf, ovf, ovf, -1851721984.0000, ovf, ovf, ovf, ovf, ovf, 0.1256, ovf, ovf, 1.5569, 0
125.2790, 0.01, 0.68, 0.78, ovf, ovf, ovf, 0.71, 3.96, ovf, ovf, ovf, 2.98, 1.01, ovf, 0.81, 2.48, -2590788352.00, 2.52, ovf, ovf, -2469811456.00, ovf, ovf, 3.46, -8060.03, ovf, ovf, ovf, ovf, 2.76, ovf, ovf, -10689440.00, ovf, ovf, ovf, 0.60, 2.29, -4331.60, 1.46, ovf, ovf, 0.55, -125514336.00, 0.76, 3.36, ovf, 2803107584.00, 0.73, ovf, 0.89, 2.52, 1.49, 0.08, 0.70, 3.06, 74.56, ovf, nan, ovf, 0.79, ovf, 0.42, 3.55, ovf, ovf, 0.0295, 18.3602, ovf, nan, -1691574144.0000, ovf, -83698.3203, ovf, 0.9213, -336611.3437, 14.0635, ovf, -281365.6875, -4523263.5000, 10.9740, 10.8791, ovf, ovf, ovf, ovf, -308620320.0000, ovf, ovf, ovf, 2346034432.0000, ovf, 0.2261, ovf, ovf, 1.5433, 0
129.8840, 0.01, 0.71, 0.78, ovf, ovf, ovf, 0.70, 3.96, ovf, ovf, ovf, 2.96, 1.02, ovf, 0.81, 2.50, -431798048.00, 2.54, ovf, ovf, -411635232.00, ovf, ovf, 3.44, -1342.80, ovf, ovf, ovf, ovf, 2.81, ovf, ovf, -1781572.37, ovf, ovf, ovf, 0.61, 2.30, -721.23, 1.34, ovf, ovf, 0.55, -20919056.00, 0.76, 3.34, ovf, 467184608.00, 0.75, ovf, 0.89, 2.49, 1.23, 0.08, 0.68, 3.08, 13.22, ovf, nan, ovf, 0.79, ovf, 0.12, 3.54, ovf, ovf, 0.0308, 18.0218, ovf, nan, -281929088.0000, ovf, -13939.0781, ovf, 0.9400, -56090.1601, 14.0629, ovf, -46889.0820, -753867.5000, 10.7611, 10.7139, ovf, ovf, ovf, ovf, -51436720.0000, ovf, ovf, ovf, 391005728.0000, ovf, 0.2450, ovf, ovf, 1.5410, 0
134.4890, 0.01, 0.70, 0.78, ovf, ovf, ovf, 0.69, 3.98, ovf, ovf, ovf, 2.94, 1.04, ovf, 0.81, 2.52, -71966344.00, 2.52, ovf, ovf, -68605872.00, ovf, ovf, 3.44, -223.28, ovf, ovf, ovf, ovf, 2.85, ovf, ovf, -296928.21, ovf, ovf, ovf, 0.61, 2.28, -119.49, 1.24, ovf, -2154658560.00, 0.55, -3486507.25, 0.75, 3.34, ovf, 77864104.00, 0.75, ovf, 0.89, 2.51, 1.20, 0.05, 0.67, 3.11, 3.01, ovf, nan, ovf, 0.79, ovf, 0.08, 3.57, ovf, ovf, 0.0269, 17.8164, ovf, nan, -46988172.0000, ovf, -2312.6176, ovf, 0.7395, -9336.8564, 13.7320, ovf, -7809.7856, -125634.6093, 10.7192, 10.5463, ovf, ovf, ovf, ovf, -8572772.0000, ovf, ovf, ovf, 65167624.0000, ovf, 0.2512, ovf, ovf, 1.5552, 0
139.0920, 0.01, 0.70, 0.78, ovf, ovf, ovf, 0.67, 4.03, ovf, ovf, ovf, 2.96, 1.05, ovf, 0.81, 2.47, -11994391.00, 2.52, ovf, ovf, -11434312.00, -3215848704.00, ovf, 3.47, -36.70, ovf, ovf, ovf, ovf, 2.88, ovf, 1673734784.00, -49487.53, ovf, ovf, ovf, 0.61, 2.30, -19.19, 1.14, ovf, -359109760.00, 0.55, -581082.81, 0.74, 3.36, ovf, 12977351.00, 0.74, ovf, 0.89, 2.52, 1.20, 0.04, 0.66, 3.09, 1.32, ovf, nan, ovf, 0.79, ovf, 0.07, 3.51, ovf, ovf, 0.0273, 17.6897, ovf, nan, -7831362.5000, ovf, -374.8741, ovf, 0.7935, -1544.7299, 13.5700, ovf, -1296.6855, -20929.2304, 10.5133, 10.4577, ovf, ovf, ovf, ovf, -1428781.6250, ovf, ovf, ovf, 10861270.0000, ovf, 0.1481, ovf, ovf, 1.5286, 0
143.6970, 0.01, 0.72, 0.78, ovf, ovf, ovf, 0.66, 3.97, ovf, ovf, ovf, 2.93, 1.06, ovf, 0.81, 2.48, -1999064.12, 2.54, ovf, ovf, -1905717.62, -535974784.00, ovf, 3.48, -5.61, ovf, ovf, ovf, ovf, 2.88, ovf, 278955808.00, -8247.43, ovf, ovf, ovf, 0.61, 2.32, -2.46, 1.07, ovf, -59851628.00, 0.55, -96845.46, 0.73, 3.36, ovf, 2162894.75, 0.73, ovf, 0.89, 2.49, 1.21, 0.04, 0.65, 3.11, 1.05, ovf, nan, ovf, 0.79, ovf, 0.07, 3.55, ovf, ovf, 0.0305, 17.1709, ovf, nan, -1305226.6250, ovf, -51.8221, -2447457280.0000, 0.6984, -246.2543, 13.2805, ovf, -211.3813, -3478.3320, 10.5803, 10.2825, ovf, ovf, ovf, ovf, -238117.0000, ovf, ovf, ovf, 1810211.8750, ovf, 0.1325, ovf, ovf, 1.5458, 0
148.3020, 0.01, 0.69, 0.78, ovf, ovf, ovf, 0.65, 4.00, ovf, ovf, ovf, 2.95, 1.07, ovf, 0.81, 2.46, -333176.71, 2.52, ovf, ovf, -317618.84, -89329128.00, ovf, 3.50, -0.44, ovf, ovf, ovf, ovf, 2.93, ovf, 46492636.00, -1374.09, ovf, ovf, ovf, 0.60, 2.35, 0.33, 0.93, ovf, -9975271.00, 0.55, -16139.21, 0.72, 3.34, ovf, 360485.21, 0.71, ovf, 0.89, 2.46, 1.22, 0.04, 0.64, 3.10, 1.01, ovf, nan, ovf, 0.79, ovf, 0.07, 3.56, ovf, ovf, 0.0279, 16.9844, ovf, nan, -217536.9375, ovf, 1.9252, -407909536.0000, 0.6758, -30.0203, 13.0927, ovf, -30.5646, -569.7470, 10.3483, 10.0501, ovf, ovf, ovf, ovf, -39673.1953, ovf, ovf, ovf, 301702.2812, ovf, 0.2403, ovf, ovf, 1.5487, 0
152.9040, 0.01, 0.70, 0.77, ovf, ovf, ovf, 0.64, 4.05, ovf, ovf, ovf, 2.96, 1.08, ovf, 0.81, 2.48, -55528.80, 2.50, ovf, ovf, -52935.75, -14888188.00, ovf, 3.50, 0.41, ovf, ovf, ovf, ovf, 2.94, ovf, 7748773.50, -228.55, ovf, ovf, ovf, 0.60, 2.33, 0.81, 0.80, ovf, -1662543.87, 0.55, -2688.18, 0.71, 3.34, ovf, 60083.56, 0.70, ovf, 0.89, 2.49, 1.23, 0.06, 0.63, 3.13, 1.02, ovf, nan, ovf, 0.79, ovf, 0.07, 3.51, ovf, ovf, 0.0264, 16.8838, ovf, nan, -36255.4531, ovf, 10.7992, -67984920.0000, 0.4798, 5.8213, 13.1080, ovf, -0.5815, -85.1474, 10.1299, 10.2010, ovf, ovf, ovf, ovf, -6599.4340, ovf, ovf, ovf, 50284.1132, ovf, 0.0401, ovf, ovf, 1.5274, 0
157.5060, 0.01, 0.72, 0.77, ovf, ovf, ovf, 0.63, 4.06, ovf, ovf, ovf, 2.94, 1.10, ovf, 0.81, 2.48, -9254.16, 2.52, ovf, ovf, -8821.93, -2481364.75, ovf, 3.53, 0.54, ovf, ovf, ovf, ovf, 2.97, ovf, 1291464.25, -37.63, ovf, ovf, ovf, 0.61, 2.30, 0.90, 0.70, ovf, -277089.21, 0.55, -446.33, 0.69, 3.36, ovf, 10016.63, 0.69, ovf, 0.89, 2.47, 1.25, 0.06, 0.61, 3.12, 1.03, ovf, nan, ovf, 0.79, ovf, 0.07, 3.52, ovf, ovf, 0.0220, 16.5675, ovf, nan, -6041.9780, ovf, 12.3620, -11330820.0000, 0.6237, 11.6728, 12.8387, ovf, 4.2441, -4.3912, 10.0574, 10.2882, ovf, ovf, ovf, ovf, -1087.2974, ovf, ovf, ovf, 8381.0908, ovf, 0.4530, ovf, ovf, 1.5311, 0
162.1060, 0.01, 0.67, 0.78, ovf, ovf, ovf, 0.62, 4.04, ovf, ovf, ovf, 2.94, 1.11, ovf, 0.81, 2.48, -1541.71, 2.52, ovf, ovf, -1469.64, -413560.78, ovf, 3.54, 0.56, ovf, ovf, ovf, ovf, 3.00, ovf, 215246.04, -5.82, ovf, ovf, ovf, 0.60, 2.33, 0.92, 0.58, ovf, -46180.08, 0.55, -72.69, 0.68, 3.36, ovf, 1672.14, 0.68, ovf, 0.89, 2.46, 1.26, 0.06, 0.60, 3.15, 1.04, ovf, nan, ovf, 0.79, ovf, 0.07, 3.49, ovf, ovf, 0.0265, 16.2191, ovf, nan, -1006.3937, ovf, 12.6335, -1888469.7500, 0.6383, 12.4325, 12.5402, ovf, 4.9082, 9.1400, 9.9552, 10.4180, ovf, ovf, ovf, ovf, -168.7974, ovf, ovf, ovf, 1397.2590, ovf, 0.1880, ovf, ovf, 1.5027, 0
166.7050, 0.01, 0.69, 0.78, ovf, ovf, ovf, 0.60, 4.07, ovf, ovf, ovf, 2.96, 1.12, ovf, 0.81, 2.43, -256.31, 2.52, -1390859136.00, ovf, -244.26, -68926.72, ovf, 3.52, 0.55, ovf, ovf, ovf, ovf, 3.00, ovf, 35876.34, -0.53, ovf, ovf, ovf, 0.60, 2.26, 0.94, 0.45, ovf, -7695.25, 0.55, -10.41, 0.67, 3.38, ovf, 281.41, 0.66, ovf, 0.89, 2.48, 1.27, 0.01, 0.59, 3.16, 1.05, ovf, nan, ovf, 0.79, ovf, 0.07, 3.48, ovf, ovf, 0.0251, 15.9932, ovf, nan, -167.0021, ovf, 12.6678, -314744.8437, 0.5460, 12.2403, 12.2216, ovf, 5.0188, 11.3953, 9.9048, 10.5075, ovf, ovf, ovf, ovf, -15.8750, ovf, ovf, ovf, 232.8765, ovf, 0.1454, ovf, ovf, 1.5126, 0
171.3060, 0.01, 0.68, 0.78, ovf, -1840793984.00, ovf, 0.59, 4.08, ovf, ovf, ovf, 2.98, 1.13, ovf, 0.81, 2.42, -42.08, 2.59, -231809856.00, ovf, -40.05, -11487.70, ovf, 3.57, 0.54, ovf, ovf, ovf, ovf, 2.98, ovf, 5981.37, 0.34, ovf, ovf, ovf, 0.61, 2.09, 0.95, 0.29, ovf, -1281.07, 0.55, -0.05, 0.66, 3.36, ovf, 49.60, 0.65, ovf, 0.89, 2.50, 1.28, 0.02, 0.58, 3.16, 1.06, ovf, nan, ovf, 0.79, ovf, 0.07, 3.48, ovf, ovf, 0.0270, 15.7253, ovf, nan, -27.2186, -3061603584.0000, 12.8508, -52457.3867, 0.5233, 12.1800, 12.1351, ovf, 4.9837, 11.6888, 9.6838, 10.7047, ovf, ovf, ovf, ovf, 9.3354, ovf, ovf, 1408176384.0000, 38.9518, ovf, 0.4867, ovf, ovf, 1.5143, 0
175.9070, 0.01, 0.68, 0.78, ovf, -306799008.00, ovf, 0.58, 4.08, ovf, ovf, ovf, 2.93, 1.14, ovf, 0.81, 2.42, -6.39, 2.61, -38634976.00, ovf, -6.02, -1914.55, ovf, 3.58, 0.53, ovf, ovf, -1190962560.00, ovf, 3.01, ovf, 998.88, 0.48, ovf, ovf, ovf, 0.60, 2.10, 0.96, 0.17, ovf, -212.06, 0.55, 1.69, 0.65, 3.38, ovf, 10.97, 0.64, -2861591296.00, 0.89, 2.48, 1.29, 0.07, 0.57, 3.23, 1.07, ovf, nan, ovf, 0.79, ovf, 0.07, 3.48, ovf, ovf, 0.0231, 15.3796, ovf, nan, -3.7901, -510267264.0000, 12.7933, -8742.7148, 0.4278, 11.9210, 11.8373, ovf, 5.0330, 11.7378, 9.4845, 10.7013, ovf, ovf, ovf, ovf, 13.4180, ovf, ovf, 234696080.0000, 7.0545, ovf, 0.4311, ovf, ovf, 1.4995, 0
180.5100, 0.01, 0.70, 0.77, -1278310144.00, -51133168.00, ovf, 0.57, 4.06, ovf, ovf, ovf, 2.94, 1.16, ovf, 0.81, 2.44, -0.44, 2.62, -6439162.50, ovf, -0.36, -319.01, ovf, 3.56, 0.51, ovf, -2437641728.00, -198493760.00, ovf, 3.00, ovf, 168.46, 0.49, ovf, ovf, ovf, 0.61, 2.20, 0.98, -0.01, ovf, -33.89, 0.55, 1.98, 0.64, 3.36, ovf, 4.53, 0.65, -476931872.00, 0.89, 2.46, 1.30, 0.04, 0.55, 3.20, 1.08, ovf, nan, ovf, 0.79, ovf, 0.07, 3.46, ovf, ovf, 0.0308, 15.0303, ovf, nan, 0.1225, -85044544.0000, 12.7723, -1456.8486, 0.4906, 11.5758, 11.5877, ovf, 5.0397, 11.7667, 9.2512, 10.8415, ovf, ovf, ovf, ovf, 13.7801, ovf, ovf, 39116024.0000, 1.4591, ovf, 0.4250, ovf, ovf, 1.5048, 0
185.1130, 0.01, 0.70, 0.77, -213051696.00, -8522195.00, ovf, 0.55, 4.08, ovf, ovf, ovf, 2.96, 1.17, ovf, 0.81, 2.42, 0.55, 2.62, -1073193.25, ovf, 0.58, -53.13, ovf, 3.59, 0.50, ovf, -406273632.00, -33082294.00, ovf, 2.98, ovf, 30.04, 0.48, ovf, ovf, ovf, 0.60, 2.22, 0.99, -0.12, ovf, -4.20, 0.55, 2.01, 0.63, 3.41, ovf, 3.44, 0.66, -79488648.00, 0.89, 2.46, 1.32, 0.07, 0.54, 3.23, 1.10, ovf, nan, ovf, 0.79, ovf, 0.07, 3.48, ovf, ovf, 0.0284, 14.7148, ovf, nan, 0.6553, -14174083.0000, 12.7803, -242.3628, 0.2469, 11.3910, 11.4038, ovf, 4.9872, 11.6684, 9.0764, 11.0794, ovf, ovf, ovf, ovf, 14.0467, ovf, ovf, 6519349.0000, 0.8151, ovf, 0.3094, ovf, 892337024.0000, 1.5130, 0
189.7160, 0.01, 0.68, 0.77, -35508616.00, -1420365.87, ovf, 0.54, 4.08, ovf, ovf, ovf, 2.96, 1.18, ovf, 0.81, 2.42, 0.72, 2.57, -178864.92, ovf, 0.72, -8.76, ovf, 3.60, 0.49, ovf, -67712272.00, -5513716.00, ovf, 2.98, ovf, 7.02, 0.47, ovf, ovf, ovf, 0.60, 2.25, 1.00, -0.30, ovf, 0.73, 0.55, 2.02, 0.63, 3.37, ovf, 3.29, 0.67, -13248108.00, 0.89, 2.48, 1.33, 0.05, 0.53, 3.22, 1.11, ovf, nan, ovf, 0.79, ovf, 0.07, 3.48, ovf, ovf, 0.0213, 14.4320, ovf, nan, 0.3655, -2362336.2500, 12.5379, -40.2188, 0.5292, 11.0946, 11.0472, ovf, 5.0040, 11.7728, 8.7957, 11.2046, ovf, ovf, ovf, -1044162880.0000, 13.8849, ovf, ovf, 1086570.2500, 0.4244, ovf, 0.0516, ovf, 148722832.0000, 1.4993, 0
194.3200, 0.01, 0.71, 0.77, -5918098.50, -236727.64, ovf, 0.53, 4.10, ovf, ovf, ovf, 2.94, 1.19, ovf, 0.81, 2.40, 0.73, 2.63, -29810.16, ovf, 0.74, -1.41, ovf, 3.60, 0.48, ovf, -11285379.00, -918953.68, ovf, 3.00, ovf, 3.25, 0.47, ovf, ovf, ovf, 0.60, 2.28, 1.01, -0.40, ovf, 1.56, 0.55, 2.07, 0.64, 3.38, ovf, 3.23, 0.69, -2208015.00, 0.89, 2.48, 1.34, 0.04, 0.52, 3.24, 1.12, ovf, nan, ovf, 0.79, ovf, 0.07, 3.48, ovf, ovf, 0.0232, 14.1587, ovf, nan, 0.5797, -393712.2187, 12.6505, -6.3578, 0.3288, 11.3108, 10.7914, ovf, 5.0088, 11.9306, 8.7489, 10.9537, ovf, ovf, ovf, -174027152.0000, 14.1616, ovf, ovf, 181106.9687, 0.3614, ovf, 0.0086, ovf, 24787156.0000, 1.4970, 0
198.9230, 0.01, 0.72, 0.77, -986347.68, -39454.60, ovf, 0.52, 4.10, ovf, ovf, ovf, 2.96, 1.20, ovf, 0.81, 2.42, 0.73, 2.67, -4967.71, ovf, 0.73, -0.15, ovf, 3.55, 0.46, ovf, -1880896.50, -153160.14, ovf, 2.95, ovf, 2.64, 0.47, ovf, ovf, ovf, 0.60, 2.25, 1.02, -0.57, ovf, 1.69, 0.54, 2.04, 0.65, 3.35, ovf, 3.24, 0.70, -368000.00, 0.89, 2.50, 1.35, 0.02, 0.51, 3.24, 1.13, ovf, nan, ovf, 0.79, ovf, 0.07, 3.46, ovf, ovf, 0.0246, 13.8820, ovf, nan, 0.7503, -65608.0546, 12.6545, -0.8044, 0.4480, 11.4194, 10.6069, ovf, 4.9264, 11.8834, 8.7917, 11.1478, ovf, ovf, ovf, -29004524.0000, 14.2557, ovf, ovf, 30196.5292, 0.2071, ovf, 0.2478, ovf, 4131200.7500, 1.4894, 0
203.5250, 0.01, 0.72, 0.77, -164389.07, -6575.76, ovf, 0.51, 4.10, ovf, ovf, ovf, 2.94, 1.20, ovf, 0.81, 2.40, 0.71, 2.73, -827.31, ovf, 0.72, 0.02, ovf, 3.51, 0.45, ovf, -313482.25, -25528.04, ovf, 2.99, ovf, 2.61, 0.47, ovf, ovf, ovf, 0.60, 2.22, 1.03, -0.68, ovf, 1.75, 0.55, 2.04, 0.66, 3.36, ovf, 3.24, 0.71, -61330.74, 0.89, 2.47, 1.36, 0.07, 0.49, 3.26, 1.14, ovf, nan, ovf, 0.79, ovf, 0.07, 3.48, -1432858752.0000, ovf, 0.0248, 13.5332, ovf, nan, 0.2558, -10924.1279, 12.7009, 0.1175, 0.3075, 11.5580, 10.3778, ovf, 5.0219, 11.9978, 8.8112, 11.1514, ovf, ovf, ovf, -4834081.0000, 14.5324, -1051653504.0000, ovf, 5044.6025, 0.6267, ovf, 0.1658, ovf, 688542.3750, 1.4802, 0
208.1280, 0.01, 0.72, 0.77, -27395.98, -1095.95, ovf, 0.49, 4.12, ovf, -1452347264.00, ovf, 2.91, 1.21, ovf, 0.81, 2.42, 0.71, 2.69, -137.24, ovf, 0.70, 0.07, ovf, 3.50, 0.44, -878982720.00, -52246.54, -4256.17, ovf, 3.00, -1957097984.00, 2.63, 0.47, ovf, ovf, ovf, 0.60, 2.24, 1.05, -0.85, ovf, 1.72, 0.55, 2.06, 0.68, 3.31, ovf, 3.24, 0.72, -10219.20, 0.89, 2.48, 1.37, 0.05, 0.48, 3.26, 1.15, ovf, nan, ovf, 0.79, ovf, 0.06, 3.46, -238809792.0000, ovf, 0.0290, 13.2438, ovf, nan, 0.7025, -1810.0408, 12.4769, 0.1034, 0.3559, 11.8087, 10.1592, ovf, 5.0118, 12.0219, 8.7515, 11.2470, ovf, ovf, ovf, -805674.2500, 14.5907, -175275600.0000, ovf, 852.7118, 0.4034, ovf, 0.2787, -3807771648.0000, 114765.8671, 1.4569, 0
212.7340, 0.01, 0.70, 0.77, -4563.78, -182.65, ovf, 0.48, 4.10, ovf, -242057872.00, -1131161216.00, 2.95, 1.22, ovf, 0.81, 2.40, 0.70, 2.75, -22.24, ovf, 0.69, 0.05, ovf, 3.47, 0.43, -146497120.00, -8707.24, -710.98, ovf, 3.00, -326183008.00, 2.59, 0.47, ovf, ovf, ovf, 0.60, 2.27, 1.06, -1.01, ovf, 1.74, 0.54, 2.04, 0.69, 3.32, ovf, 3.26, 0.73, -1700.67, 0.89, 2.43, 1.39, 0.06, 0.47, 3.26, 1.17, ovf, nan, ovf, 0.79, ovf, 0.07, 3.48, -39801636.0000, ovf, 0.0266, 12.8752, -2145107584.0000, nan, 0.7775, -291.1142, 12.5691, 0.1823, 0.2093, 11.9632, 9.9675, ovf, 5.0232, 11.7870, 8.7920, 11.3250, ovf, ovf, ovf, -134273.0312, 14.8900, -29212584.0000, ovf, 153.7742, 0.5188, ovf, 0.1735, -634628544.0000, 19136.3574, 1.4749, 0
217.3410, 0.01, 0.67, 0.77, -758.40, -30.44, ovf, 0.47, 4.13, ovf, -40342980.00, -188526864.00, 2.99, 1.22, ovf, 0.81, 2.40, 0.69, 2.77, -3.08, -2319730688.00, 0.68, 0.02, ovf, 3.48, 0.41, -24416186.00, -1450.67, -120.31, ovf, 2.98, -54363836.00, 2.66, 0.47, ovf, ovf, ovf, 0.60, 2.23, 1.07, -1.17, ovf, 1.72, 0.54, 2.04, 0.70, 3.24, -3112206080.00, 3.23, 0.74, -280.93, 0.89, 2.50, 1.40, 0.06, 0.46, 3.28, 1.18, ovf, nan, ovf, 0.79, ovf, 0.07, 3.40, -6633605.5000, 817860672.0000, 0.0246, 12.6846, -357517952.0000, nan, 0.6572, -37.9596, 12.4797, 0.1116, 0.1083, 12.2884, 9.6274, ovf, 4.9714, 11.9294, 8.7358, 11.3022, ovf, ovf, ovf, -22372.8105, 14.7744, -4868750.5000, ovf, 37.7663, 0.5417, ovf, 0.4138, -105771440.0000, 3198.1040, 1.4573, 0
221.9500, 0.01, 0.71, 0.77, -124.17, -5.06, ovf, 0.46, 4.12, ovf, -6723834.00, -31421144.00, 2.93, 1.22, ovf, 0.81, 2.40, 0.69, 2.80, 0.10, -386621792.00, 0.67, 0.04, ovf, 3.43, 0.40, -4069361.25, -241.24, -22.07, ovf, 3.00, -9060639.00, 2.64, 0.47, ovf, ovf, ovf, 0.60, 2.25, 1.08, -1.29, ovf, 1.70, 0.54, 2.04, 0.71, 3.26, -518701024.00, 3.24, 0.76, -44.30, 0.89, 2.47, 1.41, 0.08, 0.44, 3.31, 1.19, ovf, nan, ovf, 0.79, ovf, 0.06, 3.42, -1105600.8750, 136310096.0000, 0.0290, 12.2976, -59586356.0000, nan, 0.3736, 4.2224, 12.5388, 0.2582, 0.1628, 12.3729, 9.3695, ovf, 5.0034, 11.8157, 8.7265, 11.3217, ovf, ovf, ovf, -3722.7744, 15.1061, -811444.2500, ovf, 18.1427, 0.7028, ovf, 0.1987, -17628572.0000, 541.6333, 1.4392, 0
226.5570, 0.01, 0.69, 0.77, -18.49, -0.84, ovf, 0.45, 4.10, -1351821696.00, -1120644.87, -5236857.50, 2.91, 1.23, ovf, 0.81, 2.38, 0.69, 2.77, 0.62, -64436964.00, 0.66, 0.06, ovf, 3.44, 0.39, -678223.87, -39.66, -5.81, 1159437440.00, 2.98, -1510105.50, 2.64, 0.47, ovf, -1507176832.00, ovf, 0.60, 2.26, 1.09, -1.50, -1444505728.00, 1.72, 0.54, 2.04, 0.72, 3.26, -86450168.00, 3.24, 0.77, -4.88, 0.89, 2.51, 1.42, 0.06, 0.43, 3.29, 1.20, ovf, nan, ovf, 0.79, -1145860480.00, 0.06, 3.42, -184266.8281, 22718366.0000, 0.0250, 11.9166, -9931078.0000, nan, 0.4623, 11.1751, 12.3757, 0.2790, 0.2407, 12.6864, 9.0219, ovf, 4.9681, 11.7968, 8.7374, 11.2092, ovf, -739874496.0000, ovf, -614.4351, 15.3312, -135226.7656, ovf, 15.1610, 0.5807, -749248512.0000, 0.2946, -2938095.5000, 98.9653, 1.4216, 0
231.1700, 0.01, 0.70, 0.77, -0.83, -0.13, ovf, 0.43, 4.13, -225303616.00, -186780.31, -872809.06, 2.93, 1.24, ovf, 0.81, 2.40, 0.68, 2.83, 0.71, -10739494.00, 0.65, 0.04, ovf, 3.41, 0.38, -113034.35, -6.05, -3.17, 193239568.00, 3.00, -251683.62, 2.64, 0.47, -950404032.00, -251196144.00, -2730292480.00, 0.60, 2.28, 1.10, -1.65, -240750960.00, 1.72, 0.54, 2.02, 0.74, 3.24, -14408361.00, 3.24, 0.78, 1.65, 0.89, 2.49, 1.43, 0.01, 0.42, 3.30, 1.22, -1843672192.00, nan, ovf, 0.79, -190976752.00, 0.06, 3.40, -30711.1093, 3786406.2500, 0.0270, 11.6445, -1655201.1250, nan, 0.4802, 12.4114, 12.4864, 0.3600, 0.1797, 12.8216, 8.8051, ovf, 5.0159, 11.7936, 8.7772, 11.2137, ovf, -123312416.0000, ovf, -96.4466, 15.5433, -22523.8652, ovf, 14.4714, 0.0968, -124874752.0000, 0.3137, -489682.0937, 25.2044, 1.4260, 0
235.7850, 0.01, 0.72, 0.77, 2.06, -0.02, -2039696256.00, 0.42, 4.12, -37550604.00, -31136.54, -145467.54, 2.92, 1.25, 2356587008.00, 0.81, 2.40, 0.68, 2.79, 0.71, -1789915.62, 0.63, 0.04, -2053415424.00, 3.37, 0.37, -18836.08, -0.44, -3.11, 32206594.00, 3.00, -41946.69, 2.61, 0.47, -158400672.00, -41866024.00, -455048736.00, 0.60, 2.25, 1.12, -1.82, -40125160.00, 1.70, 0.54, 2.09, 0.75, 3.24, -2401392.50, 3.24, 0.79, 2.69, 0.89, 2.48, 1.44, 0.04, 0.41, 3.32, 1.23, -307278688.00, nan, ovf, 0.79, -31829458.00, 0.06, 3.38, -5118.4804, 631078.6250, 0.0252, 11.2658, -275890.0000, nan, 0.6227, 12.6279, 12.2846, 0.2142, 0.1669, 12.8933, 8.5616, -2683973120.0000, 5.0238, 11.6441, 8.7333, 11.2020, 1286811648.0000, -20552076.0000, ovf, -9.8705, 15.7474, -3740.0473, ovf, 14.3565, 0.3302, -20812450.0000, 0.1856, -81613.5312, 12.9875, 1.4195, 0
240.4020, 0.01, 0.70, 0.77, 2.56, 0.00, -339949376.00, 0.42, 4.10, -6258434.00, -5196.26, -24243.98, 2.94, 1.25, 392764512.00, 0.81, 2.38, 0.67, 2.86, 0.71, -298319.21, 0.62, 0.04, -342235904.00, 3.36, 0.36, -3136.35, 0.51, -3.27, 5367765.50, 3.00, -6990.55, 2.63, 0.47, -26400112.00, -6977670.50, -75841456.00, 0.60, 2.21, 1.13, -2.00, -6687526.50, 1.73, 0.54, 2.06, 0.75, 3.26, -400231.34, 3.22, 0.80, 2.88, 0.89, 2.48, 1.46, 0.07, 0.39, 3.30, 1.24, -51213116.00, nan, -795593280.00, 0.79, -5304907.50, 0.06, 3.36, -853.0438, 105190.9218, 0.0249, 11.1576, -46006.5078, nan, 0.3751, 12.5552, 12.4549, 0.2669, 0.1622, 13.1386, 8.3262, -447328896.0000, 5.2074, 11.7567, 8.7260, 11.1104, 214468608.0000, -3425357.5000, 3073934080.0000, 4.4323, 15.8626, -609.4968, ovf, 14.3373, 0.6884, -3468734.0000, 0.0309, -13602.1025, 10.8748, 1.4116, 0
245.0200, 0.01, 0.70, 0.77, 2.61, 0.01, -56658228.00, 0.42, 4.15, -1043071.81, -873.24, -4040.05, 2.96, 1.26, 65460752.00, 0.81, 2.41, 0.67, 2.86, 0.71, -49719.87, 0.61, 0.02, -57039316.00, 3.34, 0.34, -519.72, 0.67, -3.48, 894627.56, 2.98, -1164.52, 2.61, 0.47, -4400016.50, -1162944.62, -12640243.00, 0.60, 2.18, 1.14, -2.17, -1114587.25, 1.72, 0.55, 2.04, 0.75, 3.24, -66704.57, 3.22, 0.79, 2.96, 0.89, 2.48, 1.46, 0.05, 0.38, 3.32, 1.25, -8535519.00, nan, -132598880.00, 0.79, -884149.75, 0.06, 3.39, -142.1378, 17542.7968, 0.0290, 11.2753, -7694.5312, nan, 0.6099, 12.7399, 12.3990, 0.0445, 0.0927, 13.3170, 8.0370, -74554816.0000, 5.3902, 11.6266, 8.7248, 11.1078, 35744768.0000, -570906.5625, 512322336.0000, 6.7750, 15.8006, -87.7525, -1125055360.0000, 14.3342, 0.4314, -578115.5625, 0.0052, -2266.8635, 10.5227, 1.4097, 0
249.6360, 0.01, 0.72, 0.77, 2.65, 0.01, -9443038.00, 0.42, 4.11, -173844.79, -153.11, -672.73, 2.96, 1.26, 10910125.00, 0.81, 2.40, 0.66, 2.86, 0.70, -8286.58, 0.60, 0.02, -9506553.00, 3.32, 0.35, -83.62, 0.71, -3.60, 149104.84, 2.91, -193.51, 2.63, 0.47, -733333.56, -193823.60, -2106705.25, 0.60, 2.21, 1.15, -2.36, -185764.17, 1.69, 0.54, 2.04, 0.76, 3.24, -11116.77, 3.20, 0.80, 2.89, 0.89, 2.48, 1.46, 0.02, 0.37, 3.32, 1.26, -1422586.50, nan, -22099814.00, 0.79, -147356.60, 0.06, 3.37, -23.6524, 2934.9482, 0.0266, 11.1769, -1311.0782, nan, 0.6496, 12.6619, 12.3652, 0.3105, 0.0800, 13.4823, 8.2231, -12425819.0000, 5.5005, 11.7652, 8.7246, 11.1861, 5957469.0000, -95166.1093, 85387056.0000, 7.1300, 16.0294, -0.8810, -187509232.0000, 14.3336, 0.2302, -96345.9687, 0.1384, -377.8106, 10.4463, 1.3809, 0
254.2500, 0.01, 0.72, 0.77, 2.66, 0.01, -1573839.62, 0.42, 4.10, -28973.63, -33.47, -111.51, 2.91, 1.26, 1818354.12, 0.81, 2.35, 0.67, 2.88, 0.69, -1381.06, 0.58, 0.02, -1584424.50, 3.27, 0.36, -10.95, 0.73, -3.77, 24851.06, 2.89, -31.68, 2.62, 0.47, -122219.90, -32303.41, -351115.28, 0.60, 2.25, 1.16, -2.54, -30960.32, 1.68, 0.54, 2.06, 0.77, 3.19, -1852.14, 3.22, 0.81, 2.88, 0.89, 2.45, 1.45, 0.04, 0.36, 3.35, 1.27, -237097.76, nan, -3683302.25, 0.79, -24557.73, 0.06, 3.39, -3.9048, 500.3182, 0.0272, 11.1787, -249.2447, nan, 0.5187, 12.3953, 12.4564, 0.2007, 0.0764, 13.5323, 8.4490, -2070985.0000, 5.6372, 11.7025, 8.6741, 11.2671, 992918.8750, -15877.2929, 14231184.0000, 7.2751, 15.9989, 13.6835, -31251522.0000, 14.1409, 0.3524, -16051.1914, -0.1155, -62.8122, 10.5487, 1.4192, 0
258.8630, 0.01, 0.70, 0.77, 2.63, 0.01, -262306.21, 0.42, 4.15, -4828.43, -13.89, -17.97, 2.93, 1.26, 303059.03, 0.81, 2.36, 0.66, 2.83, 0.69, -230.16, 0.57, 0.02, -264070.25, 3.25, 0.38, 1.16, 0.74, -3.99, 4142.11, 2.88, -4.71, 2.64, 0.47, -20367.60, -5383.38, -58516.85, 0.60, 2.26, 1.17, -2.74, -5159.68, 1.73, 0.54, 2.08, 0.78, 3.17, -308.03, 3.24, 0.80, 2.93, 0.88, 2.51, 1.44, 0.06, 0.35, 3.34, 1.29, -39516.28, nan, -613883.68, 0.80, -4091.27, 0.06, 3.38, -0.6146, 94.3675, 0.0252, 11.2787, -74.3418, nan, 0.2234, 12.4285, 12.2305, 0.1079, 0.0747, 13.6544, 8.7507, -345180.3750, 5.8725, 11.7664, 8.6657, 11.3715, 165493.8906, -2663.9565, 2371867.7500, 7.3404, 16.0886, 16.1968, -5208574.5000, 14.2971, 0.5259, -2668.9414, 0.1203, -10.4687, 10.4882, 1.3892, 0
263.4740, 0.01, 0.67, 0.77, 2.64, 0.01, -43717.30, 0.42, 4.11, -804.23, -11.03, -2.38, 2.91, 1.25, 50509.89, 0.81, 2.38, 0.65, 2.87, 0.68, -38.36, 0.56, 0.02, -44011.14, 3.24, 0.39, 3.14, 0.75, -4.13, 690.62, 2.88, -0.21, 2.62, 0.47, -3392.20, -896.70, -9750.51, 0.60, 2.28, 1.18, -2.94, -859.57, 1.74, 0.54, 2.10, 0.77, 3.19, -50.68, 3.24, 0.79, 2.97, 0.86, 2.60, 1.43, 0.06, 0.33, 3.34, 1.30, -6586.03, nan, -102313.93, 0.80, -680.18, 0.06, 3.36, -0.0683, 26.7929, 0.0270, 11.1597, -47.3167, nan, 0.4435, 12.5221, 12.1964, 0.0180, 0.0729, 13.9138, 8.9188, -57547.0820, 6.0743, 11.7141, 8.7148, 11.3786, 27589.7832, -463.1657, 395315.5625, 7.4096, 16.0925, 16.6156, -868083.1250, 14.6379, 0.5548, -438.8282, 0.1612, -1.5859, 10.5646, 1.3629, 0
268.0820, 0.01, 0.69, 0.77, 2.64, 0.01, -7285.80, 0.42, 4.08, -133.52, -10.96, 0.21, 2.97, 1.26, 8418.37, 0.81, 2.35, 0.64, 2.93, 0.66, -6.34, 0.55, 0.09, -7334.63, 3.24, 0.40, 3.49, 0.76, -4.39, 115.38, 2.86, 0.53, 2.64, 0.47, -562.98, -148.92, -1622.77, 0.60, 2.28, 1.20, -3.09, -142.89, 1.77, 0.54, 2.08, 0.78, 3.22, -7.79, 3.19, 0.80, 2.91, 0.86, 2.57, 1.44, 0.04, 0.32, 3.34, 1.31, -1097.62, nan, -17052.29, 0.80, -111.71, 0.06, 3.36, 0.0248, 15.5304, 0.0304, 11.1123, -45.0831, nan, 0.4849, 12.3627, 12.2109, 0.2186, 0.3085, 14.1820, 9.2052, -9609.6142, 6.2340, 11.7570, 8.6724, 11.4366, 4605.7558, -97.5122, 65890.2421, 7.3534, 16.3448, 16.4278, -144667.9218, 14.4137, 0.4039, -67.3603, 0.4545, 0.0555, 10.3097, 1.3585, 0
272.6900, 0.01, 0.67, 0.77, 2.66, 0.01, -1213.88, 0.43, 4.08, -21.73, -11.01, 0.65, 2.94, 1.25, 1403.09, 0.81, 2.32, 0.64, 2.89, 0.67, -1.01, 0.54, 0.01, -1221.87, 3.19, 0.41, 3.48, 0.78, -4.51, 19.52, 2.84, 0.66, 2.64, 0.46, -91.46, -24.29, -268.16, 0.60, 2.10, 1.21, -3.32, -23.44, 1.75, 0.54, 2.05, 0.79, 3.15, -0.64, 3.18, 0.79, 2.94, 0.85, 2.63, 1.44, 0.06, 0.31, 3.34, 1.32, -182.94, nan, -2842.03, 0.80, -17.00, 0.06, 3.36, 0.0383, 13.7372, 0.0284, 11.3347, -45.0301, nan, 0.3516, 12.2382, 12.0056, 0.2557, 0.0514, 14.1868, 9.2911, -1620.7668, 6.4336, 11.7641, 8.6029, 11.3895, 774.3747, -38.3228, 10985.9179, 7.2264, 16.2656, 16.3965, -24098.7070, 14.5672, 0.5376, -5.6662, 0.0757, 0.1707, 10.0938, 1.3724, 0
277.2960, 0.01, 0.69, 0.77, 2.69, 0.01, -201.91, 0.44, 4.08, -3.10, -11.02, 0.72, 2.92, 1.24, 233.90, 0.81, 2.34, 0.63, 2.95, 0.66, -0.12, 0.52, 0.04, -203.06, 3.15, 0.42, 3.50, 0.79, -4.72, 3.55, 2.81, 0.68, 2.64, 0.47, -12.86, -3.52, -42.39, 0.60, 2.13, 1.22, -3.55, -3.54, 1.72, 0.54, 2.06, 0.78, 3.21, 0.55, 3.20, 0.80, 2.94, 0.84, 2.65, 1.45, 0.04, 0.32, 3.34, 1.33, -30.46, nan, -473.67, 0.81, -1.23, 0.06, 3.36, 0.0426, 13.6059, 0.0275, 11.6905, -44.9737, nan, 0.4617, 12.3045, 12.0681, 0.2582, 0.1221, 14.2159, 9.5627, -290.5110, 6.5487, 11.7653, 8.6538, 11.3696, 136.0818, -30.2691, 1835.1430, 7.2641, 16.3736, 16.4771, -4003.6696, 14.5465, 0.4058, 4.8772, 0.3027, 0.0285, 10.0886, 1.3601, 0
281.9020, 0.01, 0.68, 0.77, 2.65, 0.01, -33.25, 0.45, 4.08, 0.01, -11.04, 0.73, 2.90, 1.25, 39.03, 0.81, 2.34, 0.63, 2.96, 0.67, 0.01, 0.51, 0.02, -33.25, 3.12, 0.43, 3.48, 0.80, -4.92, 0.90, 2.78, 0.68, 2.64, 0.47, 0.24, -0.06, -4.77, 0.60, 2.22, 1.23, -3.78, -0.22, 1.74, 0.54, 2.06, 0.78, 3.18, 0.75, 3.22, 0.79, 2.97, 0.83, 2.74, 1.45, 0.04, 0.33, 3.34, 1.35, -5.08, nan, -78.95, 0.82, 1.39, 0.06, 3.36, 0.0422, 13.3326, 0.0274, 12.0333, -44.9846, nan, 0.4832, 12.3254, 12.0404, 0.1894, 0.0756, 14.3755, 9.8341, -69.9814, 6.7341, 11.7769, 8.6623, 11.3663, 29.9880, -30.6189, 310.0696, 7.2704, 16.2218, 16.5765, -654.4915, 14.7948, 0.3812, 6.8084, 0.0505, 0.0047, 10.2050, 1.3580, 0
286.5050, 0.01, 0.70, 0.77, 2.64, 0.01, -5.14, 0.46, 4.01, 0.51, -10.74, 0.73, 2.92, 1.24, 6.57, 0.81, 2.36, 0.63, 2.96, 0.68, 0.02, 0.50, 0.05, -4.96, 3.19, 0.45, 3.48, 0.79, -4.84, 0.47, 2.76, 0.69, 2.62, 0.47, 2.46, 0.53, 1.47, 0.60, 2.24, 1.24, -3.98, 0.34, 1.74, 0.54, 2.08, 0.79, 3.15, 0.78, 3.24, 0.80, 2.91, 0.83, 2.74, 1.46, 0.06, 0.34, 3.31, 1.36, -0.83, nan, -13.12, 0.82, 1.82, 0.06, 3.36, 0.0432, 13.2871, 0.0294, 12.1010, -43.1596, nan, 0.6180, 12.3862, 12.0869, 0.1060, 0.1751, 14.4878, 10.0908, -32.2825, 6.8682, 11.7158, 8.7647, 11.3821, 12.3261, -32.2952, 55.8907, 7.3302, 16.2451, 16.6649, -96.4745, 14.7346, 0.5380, 7.2877, 0.1558, 0.3232, 10.1515, 1.3577, 0
291.1080, 0.01, 0.70, 0.77, 2.64, 0.01, -0.46, 0.48, 3.99, 0.59, -10.29, 0.73, 2.97, 1.23, 1.16, 0.81, 2.38, 0.63, 2.94, 0.70, 0.02, 0.49, 0.04, -0.25, 3.18, 0.46, 3.46, 0.78, -4.64, 0.41, 2.74, 0.69, 2.60, 0.47, 2.81, 0.63, 2.48, 0.60, 2.17, 1.26, -4.21, 0.43, 1.74, 0.54, 2.06, 0.80, 3.12, 0.79, 3.24, 0.79, 2.95, 0.82, 2.76, 1.46, 0.06, 0.35, 3.28, 1.37, -0.14, nan, -2.14, 0.82, 1.87, 0.06, 3.34, 0.0434, 13.2795, 0.0256, 12.3728, -40.6300, nan, 0.6343, 12.5150, 12.0265, 0.0937, 0.1344, 14.4170, 10.3253, -24.7982, 7.0396, 11.6312, 8.7313, 11.4306, 9.1206, -34.4581, 13.5275, 7.2814, 16.3522, 16.6937, -3.4036, 14.6584, 0.5636, 7.5437, 0.0260, 0.5377, 10.0291, 1.3509, 0
295.7110, 0.01, 0.67, 0.77, 2.62, 0.01, 0.32, 0.49, 3.98, 0.59, -9.91, 0.73, 2.93, 1.23, 0.26, 0.81, 2.33, 0.63, 2.92, 0.69, 0.02, 0.48, 0.01, 0.54, 3.20, 0.47, 3.48, 0.77, -4.44, 0.41, 2.74, 0.68, 2.62, 0.47, 2.87, 0.64, 2.68, 0.60, 2.16, 1.27, -4.44, 0.44, 1.69, 0.54, 2.04, 0.82, 3.12, 0.79, 3.21, 0.78, 2.99, 0.82, 2.76, 1.46, 0.03, 0.37, 3.26, 1.38, -0.01, nan, -0.34, 0.81, 1.94, 0.06, 3.34, 0.0414, 13.1944, 0.0291, 12.6603, -38.3856, nan, 0.6375, 12.2329, 11.9357, 0.0901, 0.0224, 14.4947, 10.6409, -22.4010, 7.2343, 11.6686, 8.7257, 11.3928, 8.5957, -36.6319, 6.3218, 7.2233, 16.5596, 16.5267, 12.0972, 14.6577, 0.2523, 7.7745, 0.1543, 0.2511, 10.2533, 1.3499, 0
300.3130, 0.01, 0.69, 0.77, 2.64, 0.01, 0.44, 0.50, 3.98, 0.58, -9.45, 0.73, 2.90, 1.23, 0.08, 0.81, 2.19, 0.62, 2.99, 0.70, 0.07, 0.46, 0.07, 0.67, 3.17, 0.48, 3.41, 0.76, -4.32, 0.42, 2.66, 0.68, 2.60, 0.47, 2.86, 0.63, 2.76, 0.59, 2.26, 1.26, -4.27, 0.45, 1.73, 0.54, 2.06, 0.81, 3.17, 0.79, 3.20, 0.79, 2.97, 0.81, 2.76, 1.47, 0.05, 0.38, 3.26, 1.39, 0.02, nan, -0.06, 0.80, 1.96, 0.06, 3.32, 0.0431, 13.2641, 0.0245, 12.9843, -35.9389, nan, 0.3729, 11.5045, 11.9844, 0.3181, 0.2037, 14.3567, 10.7098, -21.3242, 7.2404, 11.6010, 8.8478, 11.4264, 8.7329, -35.0443, 5.2661, 7.2636, 16.6670, 16.4989, 14.7303, 14.4659, 0.5202, 7.9968, 0.1773, 0.0418, 10.1797, 1.3429, 0
304.9150, 0.01, 0.72, 0.77, 2.62, 0.01, 0.47, 0.51, 3.98, 0.57, -9.06, 0.73, 2.92, 1.24, 0.08, 0.81, 2.20, 0.62, 2.95, 0.71, 0.06, 0.45, 0.06, 0.70, 3.13, 0.49, 3.42, 0.74, -4.10, 0.43, 2.64, 0.68, 2.65, 0.49, 2.88, 0.63, 2.78, 0.58, 2.33, 1.25, -4.03, 0.45, 1.69, 0.54, 2.06, 0.80, 3.21, 0.79, 3.22, 0.78, 2.98, 0.79, 2.81, 1.47, 0.08, 0.39, 3.24, 1.41, 0.00, nan, 0.01, 0.79, 2.01, 0.06, 3.35, 0.0444, 13.1919, 0.0290, 13.2800, -33.7450, nan, 0.5996, 11.5679, 11.8057, 0.2843, 0.1803, 14.4125, 10.9959, -19.8630, 7.3905, 11.6505, 9.1202, 11.4325, 8.7858, -32.7801, 4.9449, 7.2791, 16.6780, 16.5802, 15.0351, 14.5238, 0.7242, 8.2036, 0.0301, 0.1684, 10.3038, 1.3552, 0
309.5170, 0.01, 0.72, 0.77, 2.62, 0.01, 0.48, 0.53, 3.93, 0.56, -8.64, 0.73, 2.90, 1.24, 0.08, 0.81, 2.30, 0.63, 2.91, 0.72, 0.03, 0.45, 0.08, 0.72, 3.10, 0.51, 3.37, 0.73, -3.90, 0.44, 2.57, 0.66, 2.71, 0.50, 2.83, 0.64, 2.73, 0.57, 2.39, 1.24, -3.80, 0.46, 1.68, 0.54, 2.08, 0.80, 3.22, 0.79, 3.19, 0.79, 2.95, 0.78, 2.87, 1.47, 0.05, 0.40, 3.27, 1.42, 0.00, nan, 0.02, 0.79, 2.03, 0.06, 3.33, 0.0446, 13.1798, 0.0255, 13.4341, -31.5595, nan, 0.6374, 12.1256, 11.8562, 0.1260, 0.2259, 14.5062, 11.1161, -18.5978, 7.3947, 11.7009, 9.1777, 11.3931, 8.8362, -30.6517, 4.9934, 7.3410, 16.6657, 16.4218, 15.1340, 14.5912, 0.4394, 8.5511, 0.0050, 0.1895, 10.4187, 1.3438, 0
314.1200, 0.01, 0.70, 0.77, 2.62, 0.01, 0.48, 0.54, 3.92, 0.55, -8.22, 0.74, 2.90, 1.23, 0.10, 0.81, 2.28, 0.64, 2.90, 0.71, 0.07, 0.45, 0.06, 0.73, 3.08, 0.52, 3.34, 0.72, -3.72, 0.45, 2.55, 0.66, 2.67, 0.51, 2.77, 0.65, 2.65, 0.56, 2.43, 1.23, -3.53, 0.45, 1.71, 0.54, 2.06, 0.80, 3.19, 0.79, 3.21, 0.80, 2.89, 0.77, 2.89, 1.47, 0.04, 0.41, 3.23, 1.43, 0.02, nan, 0.00, 0.79, 2.02, 0.06, 3.32, 0.0436, 13.1779, 0.0270, 13.6806, -29.4266, nan, 0.7708, 12.0327, 12.0283, 0.3293, 0.1845, 14.6845, 11.3132, -17.4660, 7.5128, 11.5057, 9.2160, 11.2794, 8.8294, -28.2246, 4.9963, 7.2831, 16.5054, 16.5814, 15.0553, 14.5106, 0.3920, 8.7008, 0.1560, 0.0321, 10.3525, 1.3419, 0
318.7230, 0.01, 0.70, 0.77, 2.62, 0.01, 0.48, 0.55, 3.90, 0.54, -7.79, 0.73, 2.87, 1.23, 0.08, 0.81, 2.28, 0.65, 2.85, 0.72, 0.08, 0.45, 0.08, 0.73, 3.06, 0.53, 3.36, 0.71, -3.54, 0.47, 2.52, 0.67, 2.64, 0.52, 2.78, 0.66, 2.63, 0.55, 2.52, 1.21, -3.36, 0.44, 1.77, 0.54, 2.06, 0.79, 3.21, 0.79, 3.19, 0.79, 2.92, 0.76, 2.93, 1.47, 0.04, 0.42, 3.24, 1.44, 0.02, nan, 0.02, 0.79, 1.99, 0.06, 3.34, 0.0435, 13.1775, 0.0273, 13.9348, -27.2949, nan, 0.6613, 12.0271, 12.0462, 0.3695, 0.2266, 14.6345, 11.5919, -16.3160, 7.6581, 11.5617, 9.4469, 11.3600, 8.9535, -26.5413, 5.0336, 7.2918, 16.4416, 16.4221, 15.0515, 14.4596, 0.3841, 8.9538, 0.1828, 0.1694, 10.1712, 1.3483, 0
323.3250, 0.01, 0.70, 0.77, 2.59, 0.01, 0.48, 0.56, 3.87, 0.53, -7.36, 0.73, 2.86, 1.23, 0.06, 0.81, 2.31, 0.66, 2.86, 0.72, 0.08, 0.45, 0.08, 0.74, 3.04, 0.54, 3.36, 0.70, -3.29, 0.48, 2.50, 0.67, 2.62, 0.53, 2.76, 0.68, 2.60, 0.54, 2.50, 1.20, -3.13, 0.44, 1.73, 0.54, 2.09, 0.79, 3.19, 0.79, 3.20, 0.80, 2.90, 0.75, 2.89, 1.46, 0.02, 0.44, 3.24, 1.44, 0.00, nan, 0.02, 0.79, 1.90, 0.06, 3.32, 0.0434, 13.0097, 0.0294, 14.1258, -25.2425, nan, 0.5097, 12.2016, 12.3560, 0.3756, 0.2336, 14.7450, 11.8571, -14.9454, 7.7834, 11.5091, 9.6203, 11.5043, 8.8565, -24.4808, 5.0030, 7.3927, 16.4817, 16.4814, 15.1535, 14.1929, 0.2223, 9.2491, 0.0305, 0.1923, 9.8204, 1.3427, 0
327.9280, 0.01, 0.68, 0.77, 2.63, 0.01, 0.48, 0.57, 3.88, 0.51, -6.99, 0.73, 2.89, 1.22, 0.09, 0.81, 2.29, 0.67, 2.79, 0.72, 0.06, 0.45, 0.05, 0.74, 3.06, 0.55, 3.34, 0.69, -3.15, 0.49, 2.47, 0.68, 2.55, 0.54, 2.78, 0.67, 2.62, 0.53, 2.52, 1.19, -2.90, 0.44, 1.75, 0.54, 2.05, 0.80, 3.18, 0.79, 3.18, 0.81, 2.87, 0.75, 2.95, 1.47, 0.00, 0.45, 3.24, 1.46, 0.00, nan, 0.00, 0.79, 1.88, 0.06, 3.34, 0.0424, 13.2333, 0.0298, 14.4711, -23.3950, nan, 0.7438, 12.0552, 12.0942, 0.2980, 0.1368, 14.6445, 12.0743, -14.0477, 7.8924, 11.3735, 9.8523, 11.4084, 8.7570, -22.5185, 4.9951, 7.2595, 16.4883, 16.4190, 15.1826, 14.3086, 0.0371, 9.4812, 0.0051, 0.0320, 9.6478, 1.3485, 0
332.5300, 0.01, 0.68, 0.77, 2.56, 0.01, 0.48, 0.59, 3.88, 0.50, -6.55, 0.73, 2.93, 1.22, 0.08, 0.81, 2.28, 0.65, 2.85, 0.73, 0.08, 0.46, 0.02, 0.73, 3.11, 0.57, 3.32, 0.67, -2.96, 0.50, 2.43, 0.68, 2.58, 0.56, 2.76, 0.66, 2.65, 0.54, 2.47, 1.18, -2.68, 0.44, 1.76, 0.54, 2.06, 0.81, 3.20, 0.79, 3.16, 0.80, 2.91, 0.74, 2.91, 1.48, 0.05, 0.46, 3.19, 1.47, 0.02, nan, 0.00, 0.78, 2.00, 0.06, 3.31, 0.0422, 12.8515, 0.0278, 14.7814, -21.4178, nan, 0.6510, 12.0408, 12.1404, 0.3689, 0.0728, 14.6771, 12.2377, -12.9917, 7.9294, 11.3205, 10.0354, 11.3876, 8.7161, -20.6007, 5.0934, 7.2962, 16.7983, 16.3227, 15.2498, 14.0859, 0.4890, 9.6075, 0.1607, 0.0053, 10.0834, 1.3360, 0
337.1320, 0.01, 0.66, 0.77, 2.59, 0.01, 0.48, 0.60, 3.85, 0.49, -6.21, 0.73, 2.92, 1.21, 0.10, 0.81, 2.28, 0.66, 2.84, 0.75, 0.10, 0.47, 0.04, 0.73, 3.08, 0.58, 3.27, 0.66, -2.81, 0.52, 2.39, 0.68, 2.61, 0.56, 2.76, 0.65, 2.73, 0.55, 2.44, 1.17, -2.48, 0.45, 1.73, 0.55, 2.04, 0.81, 3.15, 0.79, 3.21, 0.80, 2.90, 0.75, 2.88, 1.49, 0.03, 0.47, 3.21, 1.47, 0.00, nan, 0.00, 0.79, 1.95, 0.06, 3.32, 0.0412, 13.0394, 0.0253, 14.9555, -19.7661, nan, 0.7674, 12.0384, 12.2748, 0.4672, 0.1153, 14.7129, 12.3062, -12.1116, 8.0123, 11.6399, 10.0778, 11.4908, 8.8094, -18.8773, 5.0129, 7.2523, 16.5319, 16.5784, 15.1746, 14.1432, 0.2440, 9.9254, 0.0268, 0.0009, 9.9639, 1.3407, 0
341.7340, 0.01, 0.69, 0.77, 2.58, 0.01, 0.48, 0.61, 3.81, 0.48, -5.82, 0.73, 2.90, 1.22, 0.07, 0.81, 2.28, 0.67, 2.82, 0.75, 0.05, 0.47, 0.07, 0.73, 3.05, 0.59, 3.25, 0.65, -2.62, 0.53, 1.70, 0.69, 2.55, 0.57, 2.71, 0.65, 2.70, 0.56, 2.37, 1.16, -2.31, 0.46, 1.67, 0.55, 2.06, 0.82, 3.12, 0.79, 3.19, 0.80, 2.92, 0.75, 2.86, 1.51, 0.02, 0.49, 3.15, 1.46, 0.02, nan, 0.02, 0.79, 1.87, 0.06, 3.32, 0.0430, 12.9868, 0.0291, 15.1180, -18.1107, nan, 0.5232, 12.0379, 12.2249, 0.2404, 0.2255, 14.5596, 12.4937, -11.0925, 5.8028, 11.3953, 10.0429, 11.3804, 8.7172, -17.4089, 4.9772, 7.3132, 16.6438, 16.4492, 15.2745, 14.0585, 0.2042, 9.9895, 0.1628, 0.1632, 9.6994, 1.3415, 0
346.3370, 0.01, 0.72, 0.77, 2.56, 0.01, 0.48, 0.62, 3.83, 0.46, -5.39, 0.73, 2.88, 1.22, 0.08, 0.81, 2.26, 0.65, 2.85, 0.74, 0.02, 0.47, 0.05, 0.72, 3.09, 0.60, 3.26, 0.64, -2.44, 0.53, 1.62, 0.68, 2.63, 0.58, 2.67, 0.64, 2.77, 0.58, 2.35, 1.14, -2.09, 0.47, 1.63, 0.54, 2.06, 0.82, 3.12, 0.79, 3.18, 0.80, 2.90, 0.75, 2.89, 1.50, 0.04, 0.50, 3.13, 1.45, 0.00, nan, 0.00, 0.79, 1.93, 0.06, 3.32, 0.0444, 12.9057, 0.0276, 15.5118, -16.3067, nan, 0.6153, 11.9498, 12.1622, 0.1197, 0.1407, 14.5713, 12.7735, -10.1436, 5.5559, 11.5662, 10.1211, 11.4488, 8.8233, -15.5475, 4.9765, 7.2963, 16.6624, 16.4418, 15.2037, 14.0442, 0.3585, 10.1637, 0.0271, 0.0272, 9.8916, 1.3417, 0
350.9390, 0.01, 0.72, 0.77, 2.58, 0.01, 0.50, 0.63, 3.81, 0.45, -5.00, 0.73, 2.90, 1.22, 0.08, 0.81, 2.26, 0.65, 2.88, 0.75, 0.07, 0.47, 0.04, 0.71, 3.17, 0.61, 3.21, 0.63, -2.21, 0.52, 1.74, 0.68, 2.59, 0.59, 2.63, 0.63, 2.76, 0.58, 2.31, 1.13, -1.90, 0.46, 1.65, 0.54, 1.99, 0.81, 3.12, 0.79, 3.18, 0.79, 2.92, 0.75, 2.88, 1.51, 0.06, 0.51, 3.14, 1.44, 0.02, nan, 0.02, 0.78, 1.99, 0.06, 3.29, 0.0446, 12.9874, 0.0243, 15.6894, -14.7747, nan, 0.6317, 11.9253, 12.2226, 0.3450, 0.1266, 14.6794, 12.8176, -9.0056, 5.8670, 11.5204, 10.1550, 11.3915, 8.7151, -14.0005, 4.9706, 7.0660, 16.4488, 16.4124, 15.0762, 14.1612, 0.5509, 10.4381, 0.1603, 0.1649, 10.0319, 1.3283, 0
355.5420, 0.01, 0.70, 0.77, 2.56, 0.01, 0.48, 0.65, 3.77, 0.44, -4.62, 0.73, 2.88, 1.21, 0.06, 0.81, 2.29, 0.65, 2.86, 0.75, 0.06, 0.47, 0.04, 0.72, 3.11, 0.63, 3.22, 0.62, -2.10, 0.51, 2.07, 0.68, 2.63, 0.61, 2.64, 0.65, 2.69, 0.57, 2.38, 1.12, -1.73, 0.45, 1.69, 0.55, 2.05, 0.80, 3.19, 0.79, 3.20, 0.80, 2.90, 0.75, 2.90, 1.52, 0.03, 0.52, 3.14, 1.44, 0.00, nan, 0.04, 0.77, 2.01, 0.06, 3.30, 0.0405, 12.9167, 0.0268, 15.8259, -13.2523, nan, 0.4969, 12.1071, 12.1618, 0.3012, 0.1242, 14.6049, 13.1155, -8.4277, 6.8269, 11.5986, 10.4086, 11.3165, 8.8244, -12.6647, 4.9441, 7.2728, 16.5692, 16.4934, 15.1707, 14.0614, 0.2564, 10.7292, 0.0267, 0.3483, 10.0339, 1.3327, 0
360.1450, 0.01, 0.72, 0.77, 2.61, 0.01, 0.48, 0.66, 3.76, 0.43, -4.30, 0.74, 2.88, 1.21, 0.06, 0.81, 2.28, 0.65, 2.84, 0.75, 0.03, 0.47, 0.04, 0.73, 3.07, 0.64, 3.17, 0.60, -1.85, 0.50, 2.18, 0.68, 2.64, 0.62, 2.62, 0.66, 2.65, 0.58, 2.35, 1.11, -1.56, 0.44, 1.78, 0.54, 2.04, 0.81, 3.15, 0.79, 3.18, 0.79, 2.93, 0.74, 2.90, 1.51, 0.07, 0.54, 3.12, 1.44, 0.02, nan, 0.02, 0.75, 1.97, 0.06, 3.33, 0.0440, 13.1569, 0.0231, 16.1425, -12.0455, nan, 0.4787, 12.0494, 12.0809, 0.1315, 0.1217, 14.6212, 13.2076, -7.2658, 7.0362, 11.6001, 10.5327, 11.3010, 8.8413, -11.2558, 5.0801, 7.2396, 16.5344, 16.4627, 15.1566, 14.0448, 0.6969, 10.8829, 0.1602, 0.2185, 9.6582, 1.3469, 0
